,DUID,BIDTYPE,CAPACITYBAND,BID,INDEX,PRICE,DISPATCHED
0,APD01,RAISE5MIN,BANDAVAIL1,10,0,0.0,6.0
1,APD01,RAISE60SEC,BANDAVAIL1,10,1,0.0,6.0
2,APD01,RAISE6SEC,BANDAVAIL1,10,2,0.0,5.0
3,BDL01,ENERGY,BANDAVAIL1,34,3,-1017.47,34.0
4,BDL02,ENERGY,BANDAVAIL1,37,4,-1017.47,37.0
5,BLOWERNG,ENERGY,BANDAVAIL1,80,5,-981.5,66.0
6,BLUFF1,ENERGY,BANDAVAIL1,53,6,-986.3,23.0
7,BOCORWF1,ENERGY,BANDAVAIL1,113,7,-973.88,106.006
8,BRAEMAR1,ENERGY,BANDAVAIL1,110,8,-954.9,110.0
9,BRAEMAR2,ENERGY,BANDAVAIL1,110,9,-954.9,110.0
10,BRAEMAR3,ENERGY,BANDAVAIL1,110,10,-954.9,110.0
11,BRAEMAR6,ENERGY,BANDAVAIL1,161,11,-954.9,161.0
12,BRAEMAR7,ENERGY,BANDAVAIL1,161,12,-954.9,161.0
13,BROKENH1,ENERGY,BANDAVAIL1,53,13,-1122.0,51.676
14,BW01,LOWER5MIN,BANDAVAIL1,3,14,0.01,3.0
15,BW01,LOWER60SEC,BANDAVAIL1,3,15,0.01,0.0
16,BW01,LOWER6SEC,BANDAVAIL1,3,16,0.01,0.0
17,BW01,LOWERREG,BANDAVAIL1,5,17,0.01,5.0
18,BW01,RAISE5MIN,BANDAVAIL1,16,18,0.01,16.0
19,BW01,RAISE60SEC,BANDAVAIL1,13,19,0.01,13.0
20,BW01,RAISE6SEC,BANDAVAIL1,13,20,0.01,13.0
21,BW01,RAISEREG,BANDAVAIL1,8,21,7.4,0.0
22,BW01,ENERGY,BANDAVAIL1,250,22,-959.0,250.0
23,BW02,ENERGY,BANDAVAIL1,250,23,-959.0,250.0
24,BW02,LOWER5MIN,BANDAVAIL1,3,24,0.01,3.0
25,BW02,LOWER60SEC,BANDAVAIL1,3,25,0.01,0.0
26,BW02,LOWER6SEC,BANDAVAIL1,3,26,0.01,0.0
27,BW02,LOWERREG,BANDAVAIL1,5,27,0.01,5.0
28,BW02,RAISE5MIN,BANDAVAIL1,16,28,0.01,10.0
29,BW02,RAISE60SEC,BANDAVAIL1,13,29,0.01,6.0550459
30,BW02,RAISE6SEC,BANDAVAIL1,13,30,0.01,6.0550459
31,BW02,RAISEREG,BANDAVAIL1,8,31,7.4,0.0
32,BW03,ENERGY,BANDAVAIL1,250,32,-960.3,250.0
33,BW03,LOWER5MIN,BANDAVAIL1,3,33,0.01,3.0
34,BW03,LOWER60SEC,BANDAVAIL1,3,34,0.01,0.0
35,BW03,LOWER6SEC,BANDAVAIL1,3,35,0.01,0.0
36,BW03,LOWERREG,BANDAVAIL1,5,36,0.01,5.0
37,BW03,RAISE5MIN,BANDAVAIL1,16,37,0.01,16.0
38,BW03,RAISE60SEC,BANDAVAIL1,13,38,0.01,13.0
39,BW03,RAISE6SEC,BANDAVAIL1,13,39,0.01,13.0
40,BW03,RAISEREG,BANDAVAIL1,8,40,7.4,6.0490331
41,BW04,ENERGY,BANDAVAIL1,250,41,-960.3,250.0
42,BW04,LOWER5MIN,BANDAVAIL1,3,42,0.01,3.0
43,BW04,LOWER60SEC,BANDAVAIL1,3,43,0.01,0.0
44,BW04,LOWER6SEC,BANDAVAIL1,3,44,0.01,0.0
45,BW04,LOWERREG,BANDAVAIL1,5,45,0.01,5.0
46,BW04,RAISE5MIN,BANDAVAIL1,16,46,0.01,0.0
47,BW04,RAISE60SEC,BANDAVAIL1,13,47,0.01,0.0
48,BW04,RAISE6SEC,BANDAVAIL1,13,48,0.01,0.0
49,BW04,RAISEREG,BANDAVAIL1,8,49,7.4,0.0
50,CALL_B_1,ENERGY,BANDAVAIL1,140,50,-945.6,140.0
51,CALL_B_2,ENERGY,BANDAVAIL1,140,51,-945.6,140.0
52,CLEMGPWF,ENERGY,BANDAVAIL1,57,52,-982.2,38.854
53,CPP_3,ENERGY,BANDAVAIL1,406,53,-941.0,367.32501
54,CPP_4,ENERGY,BANDAVAIL1,406,54,-941.0,406.0
55,CPSA,ENERGY,BANDAVAIL1,138,55,-964.0,138.0
56,DARTM1,LOWER60SEC,BANDAVAIL1,1,56,0.0,0.0
57,DARTM1,LOWER6SEC,BANDAVAIL1,1,57,0.0,0.0
58,DDPS1,ENERGY,BANDAVAIL1,360,58,-954.9,360.0
59,EILDON1,LOWER60SEC,BANDAVAIL1,1,59,0.0,0.0
60,EILDON1,LOWER6SEC,BANDAVAIL1,1,60,0.0,1.0
61,EILDON1,RAISE5MIN,BANDAVAIL1,1,61,0.0,0.0
62,EILDON1,RAISE60SEC,BANDAVAIL1,1,62,0.0,0.0
63,EILDON1,RAISE6SEC,BANDAVAIL1,1,63,0.0,0.0
64,EILDON1,RAISEREG,BANDAVAIL1,1,64,0.0,7.6742274e-15
65,EILDON2,LOWER60SEC,BANDAVAIL1,1,65,0.0,0.0
66,EILDON2,LOWER6SEC,BANDAVAIL1,1,66,0.0,0.0
67,EILDON2,RAISEREG,BANDAVAIL1,1,67,0.0,1.0
68,ER01,ENERGY,BANDAVAIL1,210,68,-982.9,210.0
69,ER01,LOWER5MIN,BANDAVAIL1,9,69,0.01,9.0
70,ER01,LOWER60SEC,BANDAVAIL1,8,70,0.01,0.0
71,ER01,LOWER6SEC,BANDAVAIL1,2,71,0.01,0.0
72,ER01,LOWERREG,BANDAVAIL1,4,72,0.01,4.0
73,ER01,RAISE5MIN,BANDAVAIL1,17,73,0.01,0.0
74,ER01,RAISE60SEC,BANDAVAIL1,11,74,0.01,0.0
75,ER01,RAISE6SEC,BANDAVAIL1,11,75,0.01,0.0
76,ER01,RAISEREG,BANDAVAIL1,5,76,0.01,0.0
77,ER02,ENERGY,BANDAVAIL1,210,77,-982.9,210.0
78,ER02,LOWER5MIN,BANDAVAIL1,9,78,0.01,9.0
79,ER02,LOWER60SEC,BANDAVAIL1,8,79,0.01,0.0
80,ER02,LOWER6SEC,BANDAVAIL1,2,80,0.01,0.0
81,ER02,LOWERREG,BANDAVAIL1,4,81,0.01,4.0
82,ER02,RAISE5MIN,BANDAVAIL1,17,82,0.01,0.0
83,ER02,RAISE60SEC,BANDAVAIL1,11,83,0.01,0.0
84,ER02,RAISE6SEC,BANDAVAIL1,11,84,0.01,0.0
85,ER02,RAISEREG,BANDAVAIL1,5,85,0.01,-1.1927128e-13
86,ER03,ENERGY,BANDAVAIL1,210,86,-984.6,210.0
87,ER03,LOWER5MIN,BANDAVAIL1,9,87,0.01,9.0
88,ER03,LOWER60SEC,BANDAVAIL1,8,88,0.01,0.0
89,ER03,LOWER6SEC,BANDAVAIL1,2,89,0.01,0.0
90,ER03,LOWERREG,BANDAVAIL1,4,90,0.01,4.0
91,ER03,RAISE5MIN,BANDAVAIL1,17,91,0.01,0.0
92,ER03,RAISE60SEC,BANDAVAIL1,11,92,0.01,0.0
93,ER03,RAISE6SEC,BANDAVAIL1,11,93,0.01,0.0
94,ER03,RAISEREG,BANDAVAIL1,5,94,0.01,0.0
95,ER04,ENERGY,BANDAVAIL1,210,95,-984.6,210.0
96,ER04,LOWER5MIN,BANDAVAIL1,9,96,0.01,9.0
97,ER04,LOWER60SEC,BANDAVAIL1,8,97,0.01,0.0
98,ER04,LOWER6SEC,BANDAVAIL1,2,98,0.01,0.0
99,ER04,LOWERREG,BANDAVAIL1,4,99,0.01,4.0
100,ER04,RAISE5MIN,BANDAVAIL1,17,100,0.01,0.0
101,ER04,RAISE60SEC,BANDAVAIL1,11,101,0.01,0.0
102,ER04,RAISE6SEC,BANDAVAIL1,11,102,0.01,0.0
103,ER04,RAISEREG,BANDAVAIL1,5,103,0.01,0.0
104,GSTONE2,ENERGY,BANDAVAIL1,110,104,-966.2,110.0
105,GSTONE3,ENERGY,BANDAVAIL1,110,105,-960.3,110.0
106,GSTONE3,LOWER6SEC,BANDAVAIL1,5,106,0.45,0.0
107,GSTONE3,RAISE6SEC,BANDAVAIL1,3,107,0.74,3.0
108,GSTONE3,RAISEREG,BANDAVAIL1,5,108,0.77,5.0
109,GSTONE4,ENERGY,BANDAVAIL1,110,109,-960.3,110.0
110,GSTONE4,LOWER6SEC,BANDAVAIL1,5,110,0.45,0.0
111,GSTONE4,RAISE6SEC,BANDAVAIL1,3,111,0.74,0.0
112,GSTONE4,RAISEREG,BANDAVAIL1,5,112,0.77,0.0
113,GSTONE5,ENERGY,BANDAVAIL1,110,113,-966.2,110.0
114,GSTONE5,LOWER6SEC,BANDAVAIL1,5,114,0.45,0.0
115,GSTONE5,RAISE60SEC,BANDAVAIL1,3,115,0.45,3.0
116,GSTONE5,RAISE6SEC,BANDAVAIL1,3,116,0.74,3.0
117,GSTONE5,RAISEREG,BANDAVAIL1,5,117,0.77,5.0
118,GSTONE6,ENERGY,BANDAVAIL1,110,118,-966.2,110.0
119,GSTONE6,LOWER6SEC,BANDAVAIL1,5,119,0.45,0.0
120,GSTONE6,RAISE60SEC,BANDAVAIL1,3,120,0.45,0.0
121,GSTONE6,RAISE6SEC,BANDAVAIL1,3,121,0.74,0.0
122,GSTONE6,RAISEREG,BANDAVAIL1,5,122,0.77,-5.8251263e-14
123,HALLWF1,ENERGY,BANDAVAIL1,95,123,-990.0,74.89
124,HALLWF2,ENERGY,BANDAVAIL1,71,124,-987.1,66.731
125,HUMENSW,ENERGY,BANDAVAIL1,70,125,-1000.0,39.0
126,HWPS2,ENERGY,BANDAVAIL1,220,126,-970.1,180.0
127,HWPS3,ENERGY,BANDAVAIL1,220,127,-970.1,180.0
128,HWPS4,ENERGY,BANDAVAIL1,220,128,-970.1,160.0
129,HWPS5,ENERGY,BANDAVAIL1,220,129,-970.1,180.0
130,HWPS6,ENERGY,BANDAVAIL1,220,130,-970.1,175.0
131,HWPS7,ENERGY,BANDAVAIL1,220,131,-970.1,195.0
132,HWPS8,ENERGY,BANDAVAIL1,220,132,-970.1,170.0
133,KAREEYA3,ENERGY,BANDAVAIL1,5,133,-1049.5,5.0
134,KPP_1,ENERGY,BANDAVAIL1,300,134,-958.8,300.0
135,LD01,ENERGY,BANDAVAIL1,220,135,-959.3,220.0
136,LD01,LOWER60SEC,BANDAVAIL1,1,136,0.04,0.0
137,LD01,LOWER6SEC,BANDAVAIL1,1,137,0.04,0.0
138,LD01,LOWERREG,BANDAVAIL1,1,138,0.01,1.0
139,LD01,RAISE60SEC,BANDAVAIL1,2,139,0.01,2.0
140,LD01,RAISE6SEC,BANDAVAIL1,2,140,0.01,2.0
141,LD01,RAISEREG,BANDAVAIL1,1,141,0.01,1.0
142,LD02,ENERGY,BANDAVAIL1,220,142,-959.3,220.0
143,LD02,LOWER60SEC,BANDAVAIL1,1,143,0.04,0.0
144,LD02,LOWER6SEC,BANDAVAIL1,1,144,0.04,0.0
145,LD02,LOWERREG,BANDAVAIL1,1,145,0.01,1.0
146,LD02,RAISE60SEC,BANDAVAIL1,2,146,0.01,2.0
147,LD02,RAISE6SEC,BANDAVAIL1,2,147,0.01,2.0
148,LD02,RAISEREG,BANDAVAIL1,1,148,0.01,1.0
149,LD03,ENERGY,BANDAVAIL1,220,149,-959.3,220.0
150,LD03,LOWER60SEC,BANDAVAIL1,1,150,0.04,0.0
151,LD03,LOWER6SEC,BANDAVAIL1,1,151,0.04,0.0
152,LD03,LOWERREG,BANDAVAIL1,1,152,0.01,0.5
153,LD03,RAISE60SEC,BANDAVAIL1,2,153,0.01,2.0
154,LD03,RAISE6SEC,BANDAVAIL1,2,154,0.01,2.0
155,LD03,RAISEREG,BANDAVAIL1,1,155,0.01,1.0
156,LD04,ENERGY,BANDAVAIL1,220,156,-959.3,220.0
157,LD04,LOWER60SEC,BANDAVAIL1,1,157,0.04,0.0
158,LD04,LOWER6SEC,BANDAVAIL1,1,158,0.04,0.0
159,LD04,LOWERREG,BANDAVAIL1,1,159,0.01,0.5
160,LD04,RAISE60SEC,BANDAVAIL1,2,160,0.01,2.0
161,LD04,RAISE6SEC,BANDAVAIL1,2,161,0.01,2.0
162,LD04,RAISEREG,BANDAVAIL1,1,162,0.01,1.0
163,LI_WY_CA,ENERGY,BANDAVAIL1,46,163,-1002.78,46.0
164,LKBONNY3,ENERGY,BANDAVAIL1,39,164,-876.8,32.817
165,LOYYB1,ENERGY,BANDAVAIL1,300,165,-972.3,300.0
166,LOYYB2,ENERGY,BANDAVAIL1,300,166,-972.3,300.0
167,LYA2,ENERGY,BANDAVAIL1,300,167,-972.3,300.0
168,LYA2,RAISEREG,BANDAVAIL1,5,168,7.2,5.0
169,LYA3,ENERGY,BANDAVAIL1,300,169,-972.3,300.0
170,LYA3,RAISEREG,BANDAVAIL1,5,170,7.2,5.0
171,LYA4,ENERGY,BANDAVAIL1,300,171,-972.3,300.0
172,LYA4,RAISEREG,BANDAVAIL1,5,172,7.2,5.0
173,MACKAYGT,RAISE5MIN,BANDAVAIL1,13,173,0.0,13.0
174,MCKAY1,LOWER60SEC,BANDAVAIL1,1,174,0.0,0.0
175,MCKAY1,LOWERREG,BANDAVAIL1,1,175,0.0,1.0
176,MCKAY1,RAISE60SEC,BANDAVAIL1,1,176,0.0,1.0
177,MCKAY1,RAISE6SEC,BANDAVAIL1,1,177,0.0,1.0
178,MCKAY1,RAISEREG,BANDAVAIL1,1,178,0.0,1.0
179,MEADOWBK,ENERGY,BANDAVAIL1,8,179,-975.6,8.0
180,MERCER01,ENERGY,BANDAVAIL1,131,180,-1000.0,77.391
181,MOREESF1,ENERGY,BANDAVAIL1,56,181,-937.65,48.579
182,MORTLK11,ENERGY,BANDAVAIL1,125,182,-1001.5,125.0
183,MORTLK12,ENERGY,BANDAVAIL1,125,183,-1001.5,125.0
184,MP1,ENERGY,BANDAVAIL1,280,184,-975.3,280.0
185,MP1,LOWER5MIN,BANDAVAIL1,10,185,0.07,9.3502269
186,MP1,LOWER60SEC,BANDAVAIL1,20,186,0.07,0.0
187,MP1,LOWER6SEC,BANDAVAIL1,20,187,0.03,0.0
188,MP2,ENERGY,BANDAVAIL1,280,188,-975.3,280.0
189,MP2,LOWER5MIN,BANDAVAIL1,10,189,0.07,10.0
190,MP2,LOWER60SEC,BANDAVAIL1,20,190,0.07,0.0
191,MP2,LOWER6SEC,BANDAVAIL1,20,191,0.03,0.0
192,MSTUART1,ENERGY,BANDAVAIL1,51,192,-983.4,51.0
193,MSTUART2,ENERGY,BANDAVAIL1,51,193,-983.4,51.0
194,MSTUART3,ENERGY,BANDAVAIL1,51,194,-983.4,51.0
195,MUSSELR1,ENERGY,BANDAVAIL1,168,195,-903.9,59.023
196,NBHWF1,ENERGY,BANDAVAIL1,132,196,-986.3,106.083
197,NYNGAN1,ENERGY,BANDAVAIL1,102,197,-986.94,99.497
198,OAKEY2,ENERGY,BANDAVAIL1,45,198,-942.0,45.0
199,MPP_1,ENERGY,BANDAVAIL1,400,199,-964.2,360.0
200,OAKEY1,ENERGY,BANDAVAIL1,45,200,-942.0,45.0
201,OAKLAND1,ENERGY,BANDAVAIL1,63,201,-935.37,52.929
202,OSB-AG,ENERGY,BANDAVAIL1,145,202,-999.4,145.0
203,ROMA_7,ENERGY,BANDAVAIL1,5,203,-946.54,5.0
204,ROMA_8,ENERGY,BANDAVAIL1,5,204,-946.54,5.0
205,SITHE01,ENERGY,BANDAVAIL1,175,205,-1000.0,160.0
206,SNOWNTH1,ENERGY,BANDAVAIL1,144,206,-988.8,68.007
207,SNOWSTH1,ENERGY,BANDAVAIL1,126,207,-988.8,98.693
208,SNOWTWN1,ENERGY,BANDAVAIL1,99,208,-928.9,54.077
209,STAN-1,ENERGY,BANDAVAIL1,220,209,-956.1,220.0
210,STAN-1,RAISE60SEC,BANDAVAIL1,10,210,0.0,10.0
211,STAN-1,RAISE6SEC,BANDAVAIL1,10,211,0.0,10.0
212,STAN-2,ENERGY,BANDAVAIL1,180,212,-956.1,180.0
213,STAN-3,ENERGY,BANDAVAIL1,180,213,-956.1,180.0
214,STAN-4,ENERGY,BANDAVAIL1,220,214,-956.1,220.0
215,STAN-4,RAISE60SEC,BANDAVAIL1,10,215,0.0,10.0
216,STAN-4,RAISE6SEC,BANDAVAIL1,10,216,0.0,10.0
217,TALWA1,ENERGY,BANDAVAIL1,190,217,-995.7,190.0
218,TARALGA1,ENERGY,BANDAVAIL1,106,218,-988.04,68.942
219,TARONG#1,ENERGY,BANDAVAIL1,140,219,-968.6,140.0
220,TARONG#2,ENERGY,BANDAVAIL1,185,220,-968.6,185.0
221,TARONG#2,RAISE5MIN,BANDAVAIL1,15,221,0.0,15.0
222,TARONG#2,RAISE60SEC,BANDAVAIL1,10,222,0.0,10.0
223,TARONG#2,RAISE6SEC,BANDAVAIL1,10,223,0.0,10.0
224,TARONG#3,ENERGY,BANDAVAIL1,185,224,-968.6,185.0
225,TARONG#3,RAISE5MIN,BANDAVAIL1,15,225,0.0,15.0
226,TARONG#3,RAISE60SEC,BANDAVAIL1,10,226,0.0,10.0
227,TARONG#3,RAISE6SEC,BANDAVAIL1,10,227,0.0,10.0
228,TARONG#4,ENERGY,BANDAVAIL1,140,228,-968.6,140.0
229,TARRALEA,ENERGY,BANDAVAIL1,69,229,-945.26,69.0
230,TNPS1,ENERGY,BANDAVAIL1,250,230,-967.8,250.0
231,TORRB2,ENERGY,BANDAVAIL1,60,231,-1001.4,60.0
232,TORRB2,LOWER6SEC,BANDAVAIL1,10,232,0.04,0.0
233,TORRB2,RAISE60SEC,BANDAVAIL1,10,233,0.04,10.0
234,TORRB3,ENERGY,BANDAVAIL1,60,234,-1001.4,60.0
235,TORRB3,LOWER6SEC,BANDAVAIL1,10,235,0.04,0.0
236,TORRB3,RAISE60SEC,BANDAVAIL1,10,236,0.04,10.0
237,TORRB4,ENERGY,BANDAVAIL1,60,237,-1001.4,60.0
238,TORRB4,LOWER6SEC,BANDAVAIL1,10,238,0.04,0.0
239,TORRB4,RAISE60SEC,BANDAVAIL1,10,239,0.04,10.0
240,TUMUT3,LOWERREG,BANDAVAIL1,20,240,0.0,10.0
241,TUMUT3,RAISE5MIN,BANDAVAIL1,120,241,0.0,120.0
242,TUMUT3,RAISEREG,BANDAVAIL1,10,242,0.0,10.0
243,TVCC201,ENERGY,BANDAVAIL1,208,243,-999.92,206.87
244,UPPTUMUT,LOWER5MIN,BANDAVAIL1,20,244,0.0,20.0
245,UPPTUMUT,LOWERREG,BANDAVAIL1,20,245,0.0,20.0
246,UPPTUMUT,RAISE5MIN,BANDAVAIL1,6,246,0.0,6.0
247,UPPTUMUT,RAISEREG,BANDAVAIL1,6,247,0.0,6.0
248,URANQ11,ENERGY,BANDAVAIL1,120,248,-929.1,120.0
249,URANQ12,ENERGY,BANDAVAIL1,120,249,-929.1,120.0
250,URANQ13,ENERGY,BANDAVAIL1,120,250,-929.1,120.0
251,VP5,ENERGY,BANDAVAIL1,250,251,-985.3,250.0
252,VP5,LOWER5MIN,BANDAVAIL1,2,252,1.0,0.0
253,VP5,RAISE5MIN,BANDAVAIL1,5,253,1.0,5.0
254,VP5,RAISE60SEC,BANDAVAIL1,5,254,1.0,0.0
255,VP5,RAISE6SEC,BANDAVAIL1,5,255,1.0,4.8680096
256,VP6,ENERGY,BANDAVAIL1,250,256,-985.3,250.0
257,VP6,LOWER5MIN,BANDAVAIL1,2,257,1.0,0.0
258,VP6,RAISE5MIN,BANDAVAIL1,5,258,1.0,5.0
259,VP6,RAISE60SEC,BANDAVAIL1,5,259,1.0,0.0
260,VP6,RAISE6SEC,BANDAVAIL1,5,260,1.0,5.0
261,W/HOE#1,RAISE5MIN,BANDAVAIL1,110,261,0.77,110.0
262,WOODLWN1,ENERGY,BANDAVAIL1,48,262,-993.1,42.589
263,YARWUN_1,ENERGY,BANDAVAIL1,165,263,-959.3,150.70999
264,YWPS2,ENERGY,BANDAVAIL1,250,264,-950.9,250.0
265,YWPS2,LOWER5MIN,BANDAVAIL1,10,265,0.08,0.0
266,YWPS2,LOWER60SEC,BANDAVAIL1,10,266,0.08,0.0
267,YWPS2,LOWER6SEC,BANDAVAIL1,10,267,0.03,0.0
268,YWPS3,ENERGY,BANDAVAIL1,250,268,-950.9,250.0
269,YWPS4,ENERGY,BANDAVAIL1,250,269,-950.9,250.0
270,YWPS4,LOWER5MIN,BANDAVAIL1,10,270,0.08,0.0
271,YWPS4,LOWER60SEC,BANDAVAIL1,10,271,0.08,0.0
272,YWPS4,LOWER6SEC,BANDAVAIL1,15,272,0.03,0.0
273,BARCALDN,ENERGY,BANDAVAIL1,34,273,-935.88,15.0
274,MPP_2,ENERGY,BANDAVAIL1,400,274,-964.2,370.0
275,ARWF1,ENERGY,BANDAVAIL2,241,275,-80.0,4.075
276,BARRON-1,ENERGY,BANDAVAIL2,33,276,-1.05,33.0
277,BARRON-2,ENERGY,BANDAVAIL2,33,277,-1.05,33.0
278,BW01,LOWER5MIN,BANDAVAIL2,6,278,0.8,0.0
279,BW01,LOWER60SEC,BANDAVAIL2,6,279,0.8,0.0
280,BW01,LOWER6SEC,BANDAVAIL2,6,280,0.8,0.0
281,BW01,LOWERREG,BANDAVAIL2,2,281,0.8,2.0
282,BW01,RAISE5MIN,BANDAVAIL2,4,282,0.8,4.0
283,BW01,RAISE60SEC,BANDAVAIL2,8,283,0.8,0.0
284,BW01,RAISE6SEC,BANDAVAIL2,8,284,0.8,5.1651376
285,BW01,RAISEREG,BANDAVAIL2,8,285,28.98,0.0
286,BW01,ENERGY,BANDAVAIL2,50,286,0.0,50.0
287,BW02,ENERGY,BANDAVAIL2,50,287,0.0,50.0
288,BW02,LOWER5MIN,BANDAVAIL2,6,288,0.8,0.0
289,BW02,LOWER60SEC,BANDAVAIL2,6,289,0.8,0.0
290,BW02,LOWER6SEC,BANDAVAIL2,6,290,0.8,0.0
291,BW02,LOWERREG,BANDAVAIL2,2,291,0.8,2.0
292,BW02,RAISE5MIN,BANDAVAIL2,4,292,0.8,0.0
293,BW02,RAISE60SEC,BANDAVAIL2,8,293,0.8,0.0
294,BW02,RAISE6SEC,BANDAVAIL2,8,294,0.8,0.0
295,BW02,RAISEREG,BANDAVAIL2,8,295,28.98,0.0
296,BW03,ENERGY,BANDAVAIL2,90,296,0.0,90.0
297,BW03,LOWER5MIN,BANDAVAIL2,6,297,0.8,0.0
298,BW03,LOWER60SEC,BANDAVAIL2,6,298,0.8,0.0
299,BW03,LOWER6SEC,BANDAVAIL2,6,299,0.8,0.0
300,BW03,LOWERREG,BANDAVAIL2,2,300,0.8,2.0
301,BW03,RAISE5MIN,BANDAVAIL2,4,301,0.8,4.0
302,BW03,RAISE60SEC,BANDAVAIL2,8,302,0.8,0.0
303,BW03,RAISE6SEC,BANDAVAIL2,8,303,0.8,8.0
304,BW03,RAISEREG,BANDAVAIL2,8,304,28.98,0.0
305,BW04,ENERGY,BANDAVAIL2,70,305,0.0,70.0
306,BW04,LOWER5MIN,BANDAVAIL2,6,306,0.8,0.0
307,BW04,LOWER60SEC,BANDAVAIL2,6,307,0.8,0.0
308,BW04,LOWER6SEC,BANDAVAIL2,6,308,0.8,0.0
309,BW04,LOWERREG,BANDAVAIL2,2,309,0.8,2.0
310,BW04,RAISE5MIN,BANDAVAIL2,4,310,0.8,0.0
311,BW04,RAISE60SEC,BANDAVAIL2,8,311,0.8,0.0
312,BW04,RAISE6SEC,BANDAVAIL2,8,312,0.8,0.0
313,BW04,RAISEREG,BANDAVAIL2,8,313,28.98,0.0
314,CALL_B_1,ENERGY,BANDAVAIL2,110,314,-0.05,110.0
315,CALL_B_2,ENERGY,BANDAVAIL2,110,315,-0.05,110.0
316,CETHANA,ENERGY,BANDAVAIL2,5,316,-72.67,5.0
317,CETHANA,LOWER5MIN,BANDAVAIL2,100,317,0.17,0.0
318,CETHANA,LOWER6SEC,BANDAVAIL2,12,318,0.12,0.0
319,DDPS1,ENERGY,BANDAVAIL2,160,319,-0.98,160.0
320,DEVILS_G,ENERGY,BANDAVAIL2,5,320,-72.52,5.0
321,DEVILS_G,LOWER5MIN,BANDAVAIL2,65,321,0.17,0.0
322,DEVILS_G,LOWER6SEC,BANDAVAIL2,9,322,0.12,0.0
323,EILDON1,ENERGY,BANDAVAIL2,50,323,0.0,50.0
324,ER01,ENERGY,BANDAVAIL2,490,324,30.25,460.0
325,ER02,ENERGY,BANDAVAIL2,490,325,30.25,490.0
326,ER03,ENERGY,BANDAVAIL2,490,326,30.31,490.0
327,ER04,ENERGY,BANDAVAIL2,490,327,30.31,460.0
328,GORDON,ENERGY,BANDAVAIL2,10,328,-72.38,10.0
329,GORDON,LOWER5MIN,BANDAVAIL2,450,329,0.17,0.0
330,GORDON,LOWER6SEC,BANDAVAIL2,120,330,0.12,0.0
331,GSTONE2,ENERGY,BANDAVAIL2,30,331,-0.05,30.0
332,GSTONE3,LOWER60SEC,BANDAVAIL2,2,332,1.49,0.0
333,GSTONE3,LOWER6SEC,BANDAVAIL2,5,333,1.49,0.0
334,GSTONE3,RAISE6SEC,BANDAVAIL2,3,334,1.79,0.0
335,GSTONE3,RAISEREG,BANDAVAIL2,10,335,2.75,10.0
336,GSTONE4,LOWER60SEC,BANDAVAIL2,2,336,1.49,0.0
337,GSTONE4,LOWER6SEC,BANDAVAIL2,5,337,1.49,0.0
338,GSTONE4,RAISE6SEC,BANDAVAIL2,3,338,1.79,0.0
339,GSTONE4,RAISEREG,BANDAVAIL2,10,339,2.75,0.0
340,GSTONE5,LOWER60SEC,BANDAVAIL2,2,340,1.49,0.0
341,GSTONE5,LOWER6SEC,BANDAVAIL2,5,341,1.49,0.0
342,GSTONE5,RAISE60SEC,BANDAVAIL2,3,342,1.47,0.0
343,GSTONE5,RAISE6SEC,BANDAVAIL2,3,343,1.79,0.0
344,GSTONE5,RAISEREG,BANDAVAIL2,10,344,2.75,10.0
345,GSTONE6,LOWER60SEC,BANDAVAIL2,2,345,1.49,0.0
346,GSTONE6,LOWER6SEC,BANDAVAIL2,5,346,1.49,0.0
347,GSTONE6,RAISE60SEC,BANDAVAIL2,3,347,1.47,0.0
348,GSTONE6,RAISE6SEC,BANDAVAIL2,3,348,1.79,0.0
349,GSTONE6,RAISEREG,BANDAVAIL2,10,349,2.75,0.0
350,GULLRWF1,ENERGY,BANDAVAIL2,172,350,0.0,155.153
351,GUTHEGA,ENERGY,BANDAVAIL2,31,351,0.0,31.0
352,HWPS2,ENERGY,BANDAVAIL2,80,352,0.0,0.0
353,HWPS6,ENERGY,BANDAVAIL2,80,353,0.0,0.0
354,KAREEYA1,ENERGY,BANDAVAIL2,22,354,-1.07,22.0
355,KAREEYA2,ENERGY,BANDAVAIL2,22,355,-1.07,22.0
356,KAREEYA3,ENERGY,BANDAVAIL2,17,356,-1.07,17.0
357,KAREEYA4,ENERGY,BANDAVAIL2,22,357,-1.07,22.0
358,KPP_1,ENERGY,BANDAVAIL2,150,358,-0.05,150.0
359,LD01,ENERGY,BANDAVAIL2,200,359,0.0,200.0
360,LD01,LOWER60SEC,BANDAVAIL2,4,360,0.4,0.0
361,LD01,LOWER6SEC,BANDAVAIL2,4,361,0.4,0.0
362,LD01,RAISE60SEC,BANDAVAIL2,3,362,0.35,3.0
363,LD01,RAISE6SEC,BANDAVAIL2,3,363,0.35,3.0
364,LD02,ENERGY,BANDAVAIL2,200,364,0.0,200.0
365,LD02,LOWER60SEC,BANDAVAIL2,4,365,0.4,0.0
366,LD02,LOWER6SEC,BANDAVAIL2,4,366,0.4,0.0
367,LD02,RAISE60SEC,BANDAVAIL2,3,367,0.35,3.0
368,LD02,RAISE6SEC,BANDAVAIL2,3,368,0.35,3.0
369,LD03,ENERGY,BANDAVAIL2,60,369,0.0,30.0
370,LD03,LOWER60SEC,BANDAVAIL2,4,370,0.4,0.0
371,LD03,LOWER6SEC,BANDAVAIL2,4,371,0.4,0.0
372,LD03,RAISE60SEC,BANDAVAIL2,3,372,0.35,3.0
373,LD03,RAISE6SEC,BANDAVAIL2,3,373,0.35,3.0
374,LD04,ENERGY,BANDAVAIL2,60,374,0.0,30.0
375,LD04,LOWER60SEC,BANDAVAIL2,4,375,0.4,0.0
376,LD04,LOWER6SEC,BANDAVAIL2,4,376,0.4,0.0
377,LD04,RAISE60SEC,BANDAVAIL2,3,377,0.35,3.0
378,LD04,RAISE6SEC,BANDAVAIL2,3,378,0.35,3.0
379,LEM_WIL,LOWER6SEC,BANDAVAIL2,24,379,0.12,0.0
380,LOYYB1,LOWER5MIN,BANDAVAIL2,35,380,0.02,35.0
381,LOYYB1,LOWER60SEC,BANDAVAIL2,50,381,0.02,0.0
382,LOYYB1,LOWER6SEC,BANDAVAIL2,60,382,0.02,0.0
383,LOYYB1,RAISE5MIN,BANDAVAIL2,7,383,0.03,7.0
384,LOYYB1,RAISE60SEC,BANDAVAIL2,7,384,0.03,7.0
385,LOYYB1,RAISE6SEC,BANDAVAIL2,7,385,0.03,7.0
386,LOYYB2,LOWER5MIN,BANDAVAIL2,35,386,0.02,35.0
387,LOYYB2,LOWER60SEC,BANDAVAIL2,50,387,0.02,0.0
388,LOYYB2,LOWER6SEC,BANDAVAIL2,60,388,0.02,0.0
389,LOYYB2,RAISE5MIN,BANDAVAIL2,7,389,0.03,0.0
390,LOYYB2,RAISE60SEC,BANDAVAIL2,7,390,0.03,0.0
391,LOYYB2,RAISE6SEC,BANDAVAIL2,7,391,0.03,0.0
392,LYA2,ENERGY,BANDAVAIL2,50,392,0.0,50.0
393,LYA2,LOWER5MIN,BANDAVAIL2,10,393,0.2,0.0
394,LYA2,LOWER60SEC,BANDAVAIL2,10,394,0.2,0.0
395,LYA2,LOWER6SEC,BANDAVAIL2,10,395,0.2,0.0
396,LYA2,RAISE60SEC,BANDAVAIL2,10,396,0.2,10.0
397,LYA2,RAISE6SEC,BANDAVAIL2,10,397,0.2,10.0
398,LYA2,RAISEREG,BANDAVAIL2,5,398,28.97,0.0
399,LYA3,LOWER5MIN,BANDAVAIL2,10,399,0.2,0.0
400,LYA3,LOWER60SEC,BANDAVAIL2,10,400,0.2,0.0
401,LYA3,LOWER6SEC,BANDAVAIL2,10,401,0.2,0.0
402,LYA3,RAISE60SEC,BANDAVAIL2,10,402,0.2,10.0
403,LYA3,RAISE6SEC,BANDAVAIL2,10,403,0.2,10.0
404,LYA3,RAISEREG,BANDAVAIL2,5,404,28.97,0.0
405,LYA4,LOWER5MIN,BANDAVAIL2,10,405,0.2,0.0
406,LYA4,LOWER60SEC,BANDAVAIL2,10,406,0.2,0.0
407,LYA4,LOWER6SEC,BANDAVAIL2,10,407,0.2,0.0
408,LYA4,RAISE60SEC,BANDAVAIL2,10,408,0.2,10.0
409,LYA4,RAISE6SEC,BANDAVAIL2,10,409,0.2,10.0
410,LYA4,RAISEREG,BANDAVAIL2,5,410,28.97,0.0
411,MCKAY1,ENERGY,BANDAVAIL2,280,411,0.0,280.0
412,MCKAY1,LOWER6SEC,BANDAVAIL2,5,412,0.2,0.0
413,MEADOWBK,LOWER6SEC,BANDAVAIL2,3,413,0.12,0.0
414,MP1,ENERGY,BANDAVAIL2,70,414,0.0,70.0
415,MP1,LOWER5MIN,BANDAVAIL2,20,415,0.15,0.0
416,MP1,LOWER60SEC,BANDAVAIL2,20,416,0.15,0.0
417,MP1,LOWER6SEC,BANDAVAIL2,20,417,0.14,0.0
418,MP2,ENERGY,BANDAVAIL2,70,418,0.0,70.0
419,MP2,LOWER5MIN,BANDAVAIL2,20,419,0.15,0.0
420,MP2,LOWER60SEC,BANDAVAIL2,20,420,0.15,0.0
421,MP2,LOWER6SEC,BANDAVAIL2,20,421,0.14,0.0
422,OAKEY2,ENERGY,BANDAVAIL2,100,422,0.0,100.0
423,OAKEY1,ENERGY,BANDAVAIL2,100,423,0.0,100.0
424,POAT110,ENERGY,BANDAVAIL2,12,424,-73.46,12.0
425,POAT110,LOWER5MIN,BANDAVAIL2,80,425,0.17,0.0
426,POAT110,LOWER6SEC,BANDAVAIL2,59,426,0.12,0.0
427,POAT220,LOWER5MIN,BANDAVAIL2,120,427,0.17,0.0
428,POAT220,LOWER6SEC,BANDAVAIL2,118,428,0.12,0.0
429,POAT220,RAISEREG,BANDAVAIL2,26,429,5.0,26.0
430,STAN-2,ENERGY,BANDAVAIL2,40,430,19.06,40.0
431,TARONG#1,ENERGY,BANDAVAIL2,20,431,24.16,5.2477998e-12
432,TARONG#2,ENERGY,BANDAVAIL2,45,432,24.16,45.0
433,TARONG#3,ENERGY,BANDAVAIL2,45,433,24.16,45.0
434,TARONG#4,ENERGY,BANDAVAIL2,20,434,24.16,20.0
435,TNPS1,ENERGY,BANDAVAIL2,150,435,6.73,150.0
436,TORRB2,LOWER5MIN,BANDAVAIL2,10,436,0.8,0.0
437,TORRB2,LOWER60SEC,BANDAVAIL2,10,437,0.03,0.0
438,TORRB2,LOWER6SEC,BANDAVAIL2,5,438,0.5,0.0
439,TORRB2,RAISE5MIN,BANDAVAIL2,10,439,0.9,10.0
440,TORRB2,RAISE60SEC,BANDAVAIL2,10,440,1.48,0.0
441,TORRB2,RAISE6SEC,BANDAVAIL2,5,441,0.5,5.0
442,TORRB2,RAISEREG,BANDAVAIL2,5,442,11.99,0.0
443,TORRB3,LOWER5MIN,BANDAVAIL2,10,443,0.8,0.0
444,TORRB3,LOWER60SEC,BANDAVAIL2,10,444,0.03,0.0
445,TORRB3,LOWER6SEC,BANDAVAIL2,5,445,0.5,0.0
446,TORRB3,RAISE5MIN,BANDAVAIL2,10,446,0.9,10.0
447,TORRB3,RAISE60SEC,BANDAVAIL2,10,447,1.48,0.0
448,TORRB3,RAISE6SEC,BANDAVAIL2,5,448,0.5,5.0
449,TORRB3,RAISEREG,BANDAVAIL2,5,449,11.99,0.0
450,TORRB4,LOWER5MIN,BANDAVAIL2,10,450,0.8,0.0
451,TORRB4,LOWER60SEC,BANDAVAIL2,10,451,0.03,0.0
452,TORRB4,RAISE5MIN,BANDAVAIL2,10,452,0.9,10.0
453,TORRB4,RAISE60SEC,BANDAVAIL2,10,453,1.48,0.0
454,TORRB4,RAISE6SEC,BANDAVAIL2,5,454,0.5,5.0
455,TORRB4,RAISEREG,BANDAVAIL2,5,455,11.99,0.0
456,TREVALLN,LOWER5MIN,BANDAVAIL2,100,456,0.17,0.0
457,TREVALLN,LOWER6SEC,BANDAVAIL2,8,457,0.12,0.0
458,TVCC201,LOWER5MIN,BANDAVAIL2,100,458,0.17,0.0
459,TVCC201,LOWER6SEC,BANDAVAIL2,26,459,0.12,0.0
460,VP5,ENERGY,BANDAVAIL2,50,460,27.1,50.0
461,VP5,LOWER5MIN,BANDAVAIL2,3,461,2.0,0.0
462,VP5,LOWER60SEC,BANDAVAIL2,5,462,2.0,0.0
463,VP5,LOWER6SEC,BANDAVAIL2,5,463,2.0,0.0
464,VP5,LOWERREG,BANDAVAIL2,5,464,5.0,4.98869
465,VP5,RAISE5MIN,BANDAVAIL2,5,465,2.0,0.0
466,VP5,RAISE60SEC,BANDAVAIL2,5,466,2.0,0.0
467,VP5,RAISE6SEC,BANDAVAIL2,5,467,2.0,0.0
468,VP6,ENERGY,BANDAVAIL2,50,468,27.1,50.0
469,VP6,LOWER5MIN,BANDAVAIL2,3,469,2.0,0.0
470,VP6,LOWER60SEC,BANDAVAIL2,5,470,2.0,0.0
471,VP6,LOWER6SEC,BANDAVAIL2,5,471,2.0,0.0
472,VP6,LOWERREG,BANDAVAIL2,5,472,5.0,0.0
473,VP6,RAISE5MIN,BANDAVAIL2,5,473,2.0,0.0
474,VP6,RAISE60SEC,BANDAVAIL2,5,474,2.0,0.0
475,VP6,RAISE6SEC,BANDAVAIL2,5,475,2.0,0.0
476,W/HOE#1,RAISE5MIN,BANDAVAIL2,135,476,2.09,0.0
477,WKIEWA1,ENERGY,BANDAVAIL2,28,477,0.0,28.0
478,WKIEWA2,ENERGY,BANDAVAIL2,28,478,0.0,28.0
479,YABULU,ENERGY,BANDAVAIL2,83,479,0.0,83.0
480,YABULU2,ENERGY,BANDAVAIL2,58,480,0.0,58.0
481,YWPS2,ENERGY,BANDAVAIL2,50,481,0.0,50.0
482,YWPS2,LOWER60SEC,BANDAVAIL2,10,482,0.17,0.0
483,YWPS2,LOWER6SEC,BANDAVAIL2,10,483,0.05,0.0
484,YWPS3,ENERGY,BANDAVAIL2,50,484,0.0,50.0
485,YWPS4,ENERGY,BANDAVAIL2,50,485,0.0,50.0
486,YWPS4,LOWER5MIN,BANDAVAIL2,5,486,0.17,0.0
487,YWPS4,LOWER60SEC,BANDAVAIL2,10,487,0.17,0.0
488,YWPS4,LOWER6SEC,BANDAVAIL2,10,488,0.05,0.0
489,APD01,RAISE60SEC,BANDAVAIL3,5,489,5.33,0.0
490,BW01,LOWER5MIN,BANDAVAIL3,12,490,2.8,0.0
491,BW01,LOWER60SEC,BANDAVAIL3,12,491,2.8,0.0
492,BW01,LOWER6SEC,BANDAVAIL3,12,492,2.8,0.0
493,BW01,LOWERREG,BANDAVAIL3,3,493,2.8,3.0
494,BW01,RAISE5MIN,BANDAVAIL3,4,494,2.8,0.0
495,BW01,RAISE60SEC,BANDAVAIL3,4,495,3.04,0.0
496,BW01,RAISE6SEC,BANDAVAIL3,4,496,2.8,0.0
497,BW01,RAISEREG,BANDAVAIL3,4,497,48.8,0.0
498,BW02,LOWER5MIN,BANDAVAIL3,12,498,2.8,0.0
499,BW02,LOWER60SEC,BANDAVAIL3,12,499,2.8,0.0
500,BW02,LOWER6SEC,BANDAVAIL3,12,500,2.8,0.0
501,BW02,LOWERREG,BANDAVAIL3,3,501,2.8,3.0
502,BW02,RAISE5MIN,BANDAVAIL3,4,502,2.8,0.0
503,BW02,RAISE60SEC,BANDAVAIL3,4,503,3.04,0.0
504,BW02,RAISE6SEC,BANDAVAIL3,4,504,2.8,0.0
505,BW02,RAISEREG,BANDAVAIL3,4,505,48.8,0.0
506,BW03,LOWER5MIN,BANDAVAIL3,12,506,2.8,0.0
507,BW03,LOWER60SEC,BANDAVAIL3,12,507,2.8,0.0
508,BW03,LOWER6SEC,BANDAVAIL3,12,508,2.8,0.0
509,BW03,LOWERREG,BANDAVAIL3,3,509,2.8,3.0
510,BW03,RAISE5MIN,BANDAVAIL3,4,510,2.8,0.0
511,BW03,RAISE60SEC,BANDAVAIL3,4,511,3.04,0.0
512,BW03,RAISE6SEC,BANDAVAIL3,4,512,2.8,0.0
513,BW03,RAISEREG,BANDAVAIL3,4,513,48.8,0.0
514,BW04,LOWER5MIN,BANDAVAIL3,12,514,2.8,0.0
515,BW04,LOWER60SEC,BANDAVAIL3,12,515,2.8,0.0
516,BW04,LOWER6SEC,BANDAVAIL3,12,516,2.8,0.0
517,BW04,LOWERREG,BANDAVAIL3,3,517,2.8,3.0
518,BW04,RAISE5MIN,BANDAVAIL3,4,518,2.8,0.0
519,BW04,RAISE60SEC,BANDAVAIL3,4,519,3.04,0.0
520,BW04,RAISE6SEC,BANDAVAIL3,4,520,2.8,0.0
521,BW04,RAISEREG,BANDAVAIL3,4,521,48.8,0.0
522,CALL_B_1,ENERGY,BANDAVAIL3,100,522,15.89,10.0
523,CALL_B_2,ENERGY,BANDAVAIL3,100,523,15.89,5.0
524,CETHANA,LOWER60SEC,BANDAVAIL3,60,524,0.18,0.0
525,CETHANA,RAISEREG,BANDAVAIL3,99,525,15.0,14.0
526,DEVILS_G,LOWER60SEC,BANDAVAIL3,83,526,0.18,0.0
527,GORDON,LOWER60SEC,BANDAVAIL3,511,527,0.18,0.0
528,GORDON,RAISE5MIN,BANDAVAIL3,372,528,2.1,24.01453
529,GORDON,RAISEREG,BANDAVAIL3,24,529,15.0,9.7259269
530,GSTONE3,LOWER60SEC,BANDAVAIL3,3,530,2.69,0.0
531,GSTONE3,RAISE6SEC,BANDAVAIL3,3,531,2.39,0.0
532,GSTONE4,LOWER60SEC,BANDAVAIL3,3,532,2.69,0.0
533,GSTONE4,RAISE6SEC,BANDAVAIL3,3,533,2.39,0.0
534,GSTONE5,LOWER60SEC,BANDAVAIL3,3,534,2.69,0.0
535,GSTONE5,RAISE60SEC,BANDAVAIL3,3,535,1.97,0.0
536,GSTONE5,RAISE6SEC,BANDAVAIL3,3,536,2.39,0.0
537,GSTONE6,LOWER60SEC,BANDAVAIL3,3,537,2.69,0.0
538,GSTONE6,RAISE60SEC,BANDAVAIL3,3,538,1.97,0.0
539,GSTONE6,RAISE6SEC,BANDAVAIL3,3,539,2.39,0.0
540,HDWF1,ENERGY,BANDAVAIL3,102,540,-77.0,92.266
541,KPP_1,ENERGY,BANDAVAIL3,350,541,13.23,265.0
542,LD01,LOWER60SEC,BANDAVAIL3,2,542,14.8,0.0
543,LD01,LOWER6SEC,BANDAVAIL3,2,543,14.8,0.0
544,LD01,RAISE60SEC,BANDAVAIL3,5,544,6.8,0.0
545,LD01,RAISE6SEC,BANDAVAIL3,5,545,6.8,0.0
546,LD02,LOWER60SEC,BANDAVAIL3,2,546,14.8,0.0
547,LD02,LOWER6SEC,BANDAVAIL3,2,547,14.8,0.0
548,LD02,RAISE60SEC,BANDAVAIL3,5,548,6.8,0.0
549,LD02,RAISE6SEC,BANDAVAIL3,5,549,6.8,0.0
550,LD03,LOWER60SEC,BANDAVAIL3,2,550,14.8,0.0
551,LD03,LOWER6SEC,BANDAVAIL3,2,551,14.8,0.0
552,LD03,RAISE60SEC,BANDAVAIL3,5,552,6.8,0.0
553,LD03,RAISE6SEC,BANDAVAIL3,5,553,6.8,0.0
554,LD04,LOWER60SEC,BANDAVAIL3,2,554,14.8,0.0
555,LD04,LOWER6SEC,BANDAVAIL3,2,555,14.8,0.0
556,LD04,RAISE60SEC,BANDAVAIL3,5,556,6.8,0.0
557,LD04,RAISE6SEC,BANDAVAIL3,5,557,6.8,0.0
558,LEM_WIL,ENERGY,BANDAVAIL3,76,558,-0.59,76.0
559,LKBONNY2,ENERGY,BANDAVAIL3,159,559,-39.92,117.965
560,LOYYB1,ENERGY,BANDAVAIL3,250,560,10.21,235.0
561,LOYYB1,LOWER5MIN,BANDAVAIL3,35,561,0.19,0.0
562,LOYYB1,LOWER60SEC,BANDAVAIL3,30,562,0.06,0.0
563,LOYYB1,LOWER6SEC,BANDAVAIL3,40,563,0.04,0.0
564,LOYYB2,ENERGY,BANDAVAIL3,250,564,10.21,233.0
565,LOYYB2,LOWER5MIN,BANDAVAIL3,35,565,0.19,0.0
566,LOYYB2,LOWER60SEC,BANDAVAIL3,30,566,0.06,0.0
567,LOYYB2,LOWER6SEC,BANDAVAIL3,40,567,0.04,0.0
568,LYA2,LOWER5MIN,BANDAVAIL3,10,568,0.5,0.0
569,LYA2,LOWER60SEC,BANDAVAIL3,10,569,0.5,0.0
570,LYA2,LOWER6SEC,BANDAVAIL3,10,570,0.5,0.0
571,LYA3,LOWER5MIN,BANDAVAIL3,10,571,0.5,0.0
572,LYA3,LOWER60SEC,BANDAVAIL3,10,572,0.5,0.0
573,LYA3,LOWER6SEC,BANDAVAIL3,10,573,0.5,0.0
574,LYA4,LOWER5MIN,BANDAVAIL3,10,574,0.5,0.0
575,LYA4,LOWER60SEC,BANDAVAIL3,10,575,0.5,0.0
576,LYA4,LOWER6SEC,BANDAVAIL3,10,576,0.5,0.0
577,MCKAY1,RAISE6SEC,BANDAVAIL3,1,577,0.5,1.0
578,MEADOWBK,LOWER60SEC,BANDAVAIL3,38,578,0.18,0.0
579,MP1,ENERGY,BANDAVAIL3,100,579,38.83,100.0
580,MP1,LOWER5MIN,BANDAVAIL3,20,580,0.45,0.0
581,MP1,LOWER60SEC,BANDAVAIL3,20,581,0.38,0.0
582,MP1,LOWER6SEC,BANDAVAIL3,10,582,0.34,0.0
583,MP2,ENERGY,BANDAVAIL3,100,583,38.83,100.0
584,MP2,LOWER5MIN,BANDAVAIL3,20,584,0.45,0.0
585,MP2,LOWER60SEC,BANDAVAIL3,20,585,0.38,0.0
586,MP2,LOWER6SEC,BANDAVAIL3,10,586,0.38,0.0
587,POAT110,LOWER60SEC,BANDAVAIL3,118,587,0.18,0.0
588,POAT220,LOWER60SEC,BANDAVAIL3,218,588,0.18,0.0
589,STAN-1,ENERGY,BANDAVAIL3,50,589,58.26,50.0
590,STAN-1,LOWERREG,BANDAVAIL3,2,590,10.0,0.0
591,STAN-2,ENERGY,BANDAVAIL3,50,591,58.26,50.0
592,STAN-4,ENERGY,BANDAVAIL3,50,592,58.26,50.0
593,STAN-4,LOWERREG,BANDAVAIL3,2,593,10.0,0.0
594,TARONG#1,ENERGY,BANDAVAIL3,20,594,59.03,0.0
595,TARONG#2,ENERGY,BANDAVAIL3,20,595,59.03,20.0
596,TARONG#2,LOWERREG,BANDAVAIL3,2,596,10.0,0.0
597,TARONG#3,ENERGY,BANDAVAIL3,20,597,59.03,20.0
598,TARONG#3,LOWERREG,BANDAVAIL3,2,598,10.0,0.0
599,TARONG#4,ENERGY,BANDAVAIL3,20,599,59.03,20.0
600,TNPS1,ENERGY,BANDAVAIL3,20,600,15.44,20.0
601,TORRB2,ENERGY,BANDAVAIL3,70,601,60.07,70.0
602,TORRB2,LOWER60SEC,BANDAVAIL3,5,602,0.45,0.0
603,TORRB2,LOWERREG,BANDAVAIL3,5,603,11.99,0.0
604,TORRB2,RAISE5MIN,BANDAVAIL3,10,604,1.8,0.0
605,TORRB2,RAISE60SEC,BANDAVAIL3,10,605,3.04,0.0
606,TORRB3,ENERGY,BANDAVAIL3,70,606,60.07,70.0
607,TORRB3,LOWER60SEC,BANDAVAIL3,5,607,0.45,0.0
608,TORRB3,LOWERREG,BANDAVAIL3,5,608,11.99,0.0
609,TORRB3,RAISE5MIN,BANDAVAIL3,10,609,1.8,10.0
610,TORRB3,RAISE60SEC,BANDAVAIL3,10,610,3.04,0.0
611,TORRB4,ENERGY,BANDAVAIL3,70,611,60.07,70.0
612,TORRB4,LOWER60SEC,BANDAVAIL3,5,612,0.45,0.0
613,TORRB4,LOWERREG,BANDAVAIL3,5,613,11.99,0.0
614,TORRB4,RAISE5MIN,BANDAVAIL3,10,614,1.8,6.44887
615,TORRB4,RAISE60SEC,BANDAVAIL3,10,615,3.04,0.0
616,TREVALLN,ENERGY,BANDAVAIL3,52,616,-0.63,52.0
617,TREVALLN,LOWER60SEC,BANDAVAIL3,17,617,0.18,0.0
618,TUMUT3,ENERGY,BANDAVAIL3,265,618,45.72,265.0
619,TVCC201,LOWER60SEC,BANDAVAIL3,120,619,0.18,0.0
620,UPPTUMUT,RAISE5MIN,BANDAVAIL3,4,620,3.0,0.0
621,UPPTUMUT,RAISEREG,BANDAVAIL3,4,621,3.0,4.9791282e-12
622,VP5,ENERGY,BANDAVAIL3,50,622,30.3,50.0
623,VP5,LOWER5MIN,BANDAVAIL3,5,623,5.0,0.0
624,VP5,LOWER60SEC,BANDAVAIL3,5,624,4.5,0.0
625,VP5,LOWER6SEC,BANDAVAIL3,5,625,4.5,0.0
626,VP5,LOWERREG,BANDAVAIL3,5,626,15.0,0.0
627,VP5,RAISE60SEC,BANDAVAIL3,10,627,5.0,0.0
628,VP5,RAISE6SEC,BANDAVAIL3,10,628,5.0,0.0
629,VP5,RAISEREG,BANDAVAIL3,5,629,7.0,1.5
630,VP6,ENERGY,BANDAVAIL3,50,630,30.3,50.0
631,VP6,LOWER5MIN,BANDAVAIL3,5,631,5.0,0.0
632,VP6,LOWER60SEC,BANDAVAIL3,5,632,4.5,0.0
633,VP6,LOWER6SEC,BANDAVAIL3,5,633,4.5,0.0
634,VP6,LOWERREG,BANDAVAIL3,5,634,15.0,0.0
635,VP6,RAISE60SEC,BANDAVAIL3,10,635,5.0,0.0
636,VP6,RAISE6SEC,BANDAVAIL3,10,636,5.0,0.0
637,VP6,RAISEREG,BANDAVAIL3,5,637,7.0,1.72504
638,YWPS2,ENERGY,BANDAVAIL3,20,638,8.73,20.0
639,YWPS2,LOWER5MIN,BANDAVAIL3,5,639,0.79,0.0
640,YWPS3,ENERGY,BANDAVAIL3,46,640,8.73,46.0
641,YWPS4,ENERGY,BANDAVAIL3,46,641,8.73,46.0
642,BALDHWF1,ENERGY,BANDAVAIL4,106,642,-35.12,96.493
643,BRAEMAR1,ENERGY,BANDAVAIL4,28,643,71.37,28.0
644,BW01,LOWER5MIN,BANDAVAIL4,6,644,20.8,0.0
645,BW01,LOWER60SEC,BANDAVAIL4,6,645,20.8,0.0
646,BW01,LOWER6SEC,BANDAVAIL4,6,646,20.8,0.0
647,BW01,LOWERREG,BANDAVAIL4,4,647,20.8,0.0
648,BW01,RAISE5MIN,BANDAVAIL4,8,648,20.8,0.0
649,BW01,RAISE60SEC,BANDAVAIL4,12,649,20.8,0.0
650,BW01,RAISE6SEC,BANDAVAIL4,12,650,20.8,0.0
651,BW01,RAISEREG,BANDAVAIL4,4,651,75.8,0.0
652,BW01,ENERGY,BANDAVAIL4,360,652,43.28,340.0
653,BW02,ENERGY,BANDAVAIL4,360,653,43.28,360.0
654,BW02,LOWER5MIN,BANDAVAIL4,6,654,20.8,0.0
655,BW02,LOWER60SEC,BANDAVAIL4,6,655,20.8,0.0
656,BW02,LOWER6SEC,BANDAVAIL4,6,656,20.8,0.0
657,BW02,LOWERREG,BANDAVAIL4,4,657,20.8,0.0
658,BW02,RAISE5MIN,BANDAVAIL4,8,658,20.8,0.0
659,BW02,RAISE60SEC,BANDAVAIL4,12,659,20.8,0.0
660,BW02,RAISE6SEC,BANDAVAIL4,12,660,20.8,0.0
661,BW02,RAISEREG,BANDAVAIL4,4,661,75.8,0.0
662,BW03,ENERGY,BANDAVAIL4,260,662,43.34,260.0
663,BW03,LOWER5MIN,BANDAVAIL4,6,663,20.8,0.0
664,BW03,LOWER60SEC,BANDAVAIL4,6,664,20.8,0.0
665,BW03,LOWER6SEC,BANDAVAIL4,6,665,20.8,0.0
666,BW03,LOWERREG,BANDAVAIL4,4,666,20.8,0.0
667,BW03,RAISE5MIN,BANDAVAIL4,8,667,20.8,0.0
668,BW03,RAISE60SEC,BANDAVAIL4,12,668,20.8,0.0
669,BW03,RAISE6SEC,BANDAVAIL4,12,669,20.8,0.0
670,BW03,RAISEREG,BANDAVAIL4,4,670,75.8,0.0
671,BW04,ENERGY,BANDAVAIL4,350,671,43.34,350.0
672,BW04,LOWER5MIN,BANDAVAIL4,6,672,20.8,0.0
673,BW04,LOWER60SEC,BANDAVAIL4,6,673,20.8,0.0
674,BW04,LOWER6SEC,BANDAVAIL4,6,674,20.8,0.0
675,BW04,LOWERREG,BANDAVAIL4,4,675,20.8,0.0
676,BW04,RAISE5MIN,BANDAVAIL4,8,676,20.8,0.0
677,BW04,RAISE60SEC,BANDAVAIL4,12,677,20.8,0.0
678,BW04,RAISE6SEC,BANDAVAIL4,12,678,20.8,0.0
679,BW04,RAISEREG,BANDAVAIL4,4,679,75.8,0.0
680,CETHANA,ENERGY,BANDAVAIL4,76,680,56.68,76.0
681,CETHANA,RAISE60SEC,BANDAVAIL4,60,681,2.39,0.0
682,DEVILS_G,ENERGY,BANDAVAIL4,51,682,56.53,51.0
683,DEVILS_G,RAISE5MIN,BANDAVAIL4,62,683,2.4,0.0
684,DEVILS_G,RAISE60SEC,BANDAVAIL4,79,684,2.39,0.0
685,GORDON,RAISE60SEC,BANDAVAIL4,468,685,2.39,88.818547
686,GSTONE2,ENERGY,BANDAVAIL4,65,686,43.47,0.0
687,GSTONE3,ENERGY,BANDAVAIL4,65,687,43.2,65.0
688,GSTONE3,LOWER60SEC,BANDAVAIL4,2,688,4.99,0.0
689,GSTONE3,LOWER6SEC,BANDAVAIL4,5,689,4.99,0.0
690,GSTONE3,LOWERREG,BANDAVAIL4,5,690,4.99,1.01131
691,GSTONE3,RAISE6SEC,BANDAVAIL4,3,691,4.96,0.0
692,GSTONE3,RAISEREG,BANDAVAIL4,5,692,43.0,0.0
693,GSTONE4,ENERGY,BANDAVAIL4,65,693,43.2,65.0
694,GSTONE4,LOWER60SEC,BANDAVAIL4,2,694,4.99,0.0
695,GSTONE4,LOWER6SEC,BANDAVAIL4,5,695,4.99,0.0
696,GSTONE4,LOWERREG,BANDAVAIL4,5,696,4.99,5.0
697,GSTONE4,RAISE6SEC,BANDAVAIL4,3,697,4.96,0.0
698,GSTONE4,RAISEREG,BANDAVAIL4,5,698,43.0,0.0
699,GSTONE5,ENERGY,BANDAVAIL4,65,699,43.47,65.0
700,GSTONE5,LOWER60SEC,BANDAVAIL4,2,700,4.99,0.0
701,GSTONE5,LOWER6SEC,BANDAVAIL4,5,701,4.99,0.0
702,GSTONE5,LOWERREG,BANDAVAIL4,5,702,4.99,5.0
703,GSTONE5,RAISE60SEC,BANDAVAIL4,3,703,2.76,0.0
704,GSTONE5,RAISE6SEC,BANDAVAIL4,3,704,4.96,0.0
705,GSTONE5,RAISEREG,BANDAVAIL4,5,705,43.0,0.0
706,GSTONE6,ENERGY,BANDAVAIL4,65,706,43.47,65.0
707,GSTONE6,LOWER60SEC,BANDAVAIL4,2,707,4.99,0.0
708,GSTONE6,LOWER6SEC,BANDAVAIL4,5,708,4.99,0.0
709,GSTONE6,LOWERREG,BANDAVAIL4,5,709,4.99,5.0
710,GSTONE6,RAISE60SEC,BANDAVAIL4,3,710,2.76,0.0
711,GSTONE6,RAISE6SEC,BANDAVAIL4,3,711,4.96,0.0
712,GSTONE6,RAISEREG,BANDAVAIL4,5,712,43.0,0.0
713,GUNNING1,ENERGY,BANDAVAIL4,47,713,-35.0,42.622
714,LD01,LOWER60SEC,BANDAVAIL4,2,714,38.0,0.0
715,LD01,LOWER6SEC,BANDAVAIL4,2,715,38.0,0.0
716,LD01,RAISE60SEC,BANDAVAIL4,2,716,38.0,0.0
717,LD01,RAISE6SEC,BANDAVAIL4,2,717,14.8,0.0
718,LD02,LOWER60SEC,BANDAVAIL4,2,718,38.0,0.0
719,LD02,LOWER6SEC,BANDAVAIL4,2,719,38.0,0.0
720,LD02,RAISE60SEC,BANDAVAIL4,2,720,38.0,0.0
721,LD02,RAISE6SEC,BANDAVAIL4,2,721,14.8,0.0
722,LD03,LOWER60SEC,BANDAVAIL4,2,722,38.0,0.0
723,LD03,LOWER6SEC,BANDAVAIL4,2,723,38.0,0.0
724,LD03,RAISE60SEC,BANDAVAIL4,2,724,38.0,0.0
725,LD03,RAISE6SEC,BANDAVAIL4,2,725,14.8,0.0
726,LD04,LOWER60SEC,BANDAVAIL4,2,726,38.0,0.0
727,LD04,LOWER6SEC,BANDAVAIL4,2,727,38.0,0.0
728,LD04,RAISE60SEC,BANDAVAIL4,2,728,38.0,0.0
729,LD04,RAISE6SEC,BANDAVAIL4,2,729,14.8,0.0
730,LOYYB1,LOWER60SEC,BANDAVAIL4,20,730,0.15,0.0
731,LOYYB1,LOWERREG,BANDAVAIL4,20,731,99.99,0.0
732,LOYYB2,LOWER60SEC,BANDAVAIL4,20,732,0.15,0.0
733,LOYYB2,LOWERREG,BANDAVAIL4,20,733,99.99,0.0
734,LYA2,LOWER5MIN,BANDAVAIL4,10,734,0.8,0.0
735,LYA2,LOWER60SEC,BANDAVAIL4,10,735,0.8,0.0
736,LYA2,LOWER6SEC,BANDAVAIL4,10,736,0.8,0.0
737,LYA2,RAISE60SEC,BANDAVAIL4,10,737,0.8,0.0
738,LYA2,RAISE6SEC,BANDAVAIL4,10,738,0.8,10.0
739,LYA3,LOWER5MIN,BANDAVAIL4,10,739,0.8,0.0
740,LYA3,LOWER60SEC,BANDAVAIL4,10,740,0.8,0.0
741,LYA3,LOWER6SEC,BANDAVAIL4,10,741,0.8,0.0
742,LYA3,RAISE5MIN,BANDAVAIL4,10,742,0.8,10.0
743,LYA3,RAISE60SEC,BANDAVAIL4,10,743,0.8,5.9232072
744,LYA3,RAISE6SEC,BANDAVAIL4,10,744,0.8,10.0
745,LYA4,LOWER5MIN,BANDAVAIL4,10,745,0.8,0.0
746,LYA4,LOWER60SEC,BANDAVAIL4,10,746,0.8,0.0
747,LYA4,LOWER6SEC,BANDAVAIL4,10,747,0.8,0.0
748,LYA4,RAISE5MIN,BANDAVAIL4,10,748,0.8,10.0
749,LYA4,RAISE60SEC,BANDAVAIL4,10,749,0.8,0.0
750,LYA4,RAISE6SEC,BANDAVAIL4,10,750,0.8,10.0
751,MACARTH1,ENERGY,BANDAVAIL4,420,751,-96.19,255.757
752,MP1,ENERGY,BANDAVAIL4,250,752,43.86,193.8501
753,MP1,LOWER5MIN,BANDAVAIL4,20,753,2.6,0.0
754,MP1,LOWER60SEC,BANDAVAIL4,10,754,0.95,0.0
755,MP1,LOWER6SEC,BANDAVAIL4,10,755,1.19,0.0
756,MP1,RAISE6SEC,BANDAVAIL4,20,756,4.6,0.0
757,MP2,ENERGY,BANDAVAIL4,250,757,43.86,150.0
758,MP2,LOWER5MIN,BANDAVAIL4,20,758,2.6,0.0
759,MP2,LOWER60SEC,BANDAVAIL4,10,759,1.75,0.0
760,MP2,LOWER6SEC,BANDAVAIL4,10,760,1.19,0.0
761,MP2,RAISE6SEC,BANDAVAIL4,20,761,4.6,0.0
762,POAT110,RAISE5MIN,BANDAVAIL4,80,762,2.4,0.0
763,POAT110,RAISE60SEC,BANDAVAIL4,6,763,2.39,0.0
764,POAT220,RAISE5MIN,BANDAVAIL4,120,764,2.4,0.0
765,POAT220,RAISE60SEC,BANDAVAIL4,12,765,2.39,0.0
766,STAN-1,LOWERREG,BANDAVAIL4,2,766,34.0,0.0
767,STAN-4,LOWERREG,BANDAVAIL4,2,767,34.0,0.0
768,TARONG#1,ENERGY,BANDAVAIL4,5,768,95.83,0.0
769,TARONG#2,LOWERREG,BANDAVAIL4,2,769,34.0,0.0
770,TARONG#3,LOWERREG,BANDAVAIL4,2,770,34.0,0.0
771,TORRB2,ENERGY,BANDAVAIL4,70,771,80.1,0.0
772,TORRB2,LOWER60SEC,BANDAVAIL4,5,772,1.0,0.0
773,TORRB2,LOWERREG,BANDAVAIL4,10,773,75.0,0.0
774,TORRB2,RAISE6SEC,BANDAVAIL4,10,774,2.6,0.0
775,TORRB2,RAISEREG,BANDAVAIL4,10,775,75.0,0.0
776,TORRB3,ENERGY,BANDAVAIL4,70,776,80.1,0.0
777,TORRB3,LOWER60SEC,BANDAVAIL4,5,777,1.0,0.0
778,TORRB3,LOWERREG,BANDAVAIL4,10,778,75.0,0.0
779,TORRB3,RAISE6SEC,BANDAVAIL4,10,779,2.6,0.0
780,TORRB3,RAISEREG,BANDAVAIL4,10,780,75.0,0.0
781,TORRB4,ENERGY,BANDAVAIL4,70,781,80.1,0.0
782,TORRB4,LOWER60SEC,BANDAVAIL4,5,782,1.0,0.0
783,TORRB4,LOWERREG,BANDAVAIL4,10,783,75.0,0.0
784,TORRB4,RAISE6SEC,BANDAVAIL4,10,784,2.6,0.0
785,TORRB4,RAISEREG,BANDAVAIL4,10,785,75.0,0.0
786,TUMUT3,ENERGY,BANDAVAIL4,225,786,60.37,225.0
787,UPPTUMUT,LOWER5MIN,BANDAVAIL4,30,787,6.0,0.0
788,UPPTUMUT,LOWERREG,BANDAVAIL4,10,788,6.0,0.0
789,UPPTUMUT,RAISE5MIN,BANDAVAIL4,20,789,6.0,0.0
790,UPPTUMUT,RAISEREG,BANDAVAIL4,40,790,6.0,0.0
791,VP5,ENERGY,BANDAVAIL4,130,791,38.38,130.0
792,VP5,LOWER5MIN,BANDAVAIL4,5,792,10.0,0.0
793,VP5,LOWER60SEC,BANDAVAIL4,5,793,10.0,0.0
794,VP5,LOWER6SEC,BANDAVAIL4,5,794,10.0,0.0
795,VP5,RAISE5MIN,BANDAVAIL4,5,795,10.0,0.0
796,VP5,RAISE60SEC,BANDAVAIL4,5,796,10.0,0.0
797,VP5,RAISE6SEC,BANDAVAIL4,5,797,10.0,0.0
798,VP5,RAISEREG,BANDAVAIL4,5,798,14.9,0.0
799,VP6,ENERGY,BANDAVAIL4,130,799,38.38,130.0
800,VP6,LOWER5MIN,BANDAVAIL4,5,800,10.0,0.0
801,VP6,LOWER60SEC,BANDAVAIL4,5,801,10.0,0.0
802,VP6,LOWER6SEC,BANDAVAIL4,5,802,10.0,0.0
803,VP6,RAISE5MIN,BANDAVAIL4,5,803,10.0,0.0
804,VP6,RAISE60SEC,BANDAVAIL4,5,804,10.0,0.0
805,VP6,RAISE6SEC,BANDAVAIL4,5,805,10.0,0.0
806,VP6,RAISEREG,BANDAVAIL4,5,806,14.9,0.0
807,YWPS2,ENERGY,BANDAVAIL4,30,807,15.36,10.0
808,YWPS2,RAISE6SEC,BANDAVAIL4,10,808,20.7,0.0
809,YWPS3,ENERGY,BANDAVAIL4,20,809,15.36,20.0
810,YWPS3,RAISE6SEC,BANDAVAIL4,10,810,20.7,0.0
811,YWPS4,ENERGY,BANDAVAIL4,20,811,15.36,20.0
812,YWPS4,RAISE6SEC,BANDAVAIL4,10,812,20.7,0.0
813,APD01,RAISE5MIN,BANDAVAIL5,15,813,15.0,0.0
814,APD01,RAISE60SEC,BANDAVAIL5,10,814,15.0,0.0
815,APD01,RAISE6SEC,BANDAVAIL5,5,815,15.0,0.0
816,BW01,LOWER5MIN,BANDAVAIL5,2,816,48.0,0.0
817,BW01,LOWER60SEC,BANDAVAIL5,2,817,48.0,0.0
818,BW01,LOWER6SEC,BANDAVAIL5,2,818,48.0,0.0
819,BW01,LOWERREG,BANDAVAIL5,4,819,48.0,0.0
820,BW01,RAISE5MIN,BANDAVAIL5,12,820,48.0,0.0
821,BW01,RAISE60SEC,BANDAVAIL5,4,821,48.0,0.0
822,BW01,RAISE6SEC,BANDAVAIL5,4,822,48.0,0.0
823,BW01,RAISEREG,BANDAVAIL5,4,823,98.8,0.0
824,BW02,LOWER5MIN,BANDAVAIL5,2,824,48.0,0.0
825,BW02,LOWER60SEC,BANDAVAIL5,2,825,48.0,0.0
826,BW02,LOWER6SEC,BANDAVAIL5,2,826,48.0,0.0
827,BW02,LOWERREG,BANDAVAIL5,4,827,48.0,0.0
828,BW02,RAISE5MIN,BANDAVAIL5,12,828,48.0,0.0
829,BW02,RAISE60SEC,BANDAVAIL5,4,829,48.0,0.0
830,BW02,RAISE6SEC,BANDAVAIL5,4,830,48.0,0.0
831,BW02,RAISEREG,BANDAVAIL5,4,831,98.8,0.0
832,BW03,LOWER5MIN,BANDAVAIL5,2,832,48.0,0.0
833,BW03,LOWER60SEC,BANDAVAIL5,2,833,48.0,0.0
834,BW03,LOWER6SEC,BANDAVAIL5,2,834,48.0,0.0
835,BW03,LOWERREG,BANDAVAIL5,4,835,48.0,0.0
836,BW03,RAISE5MIN,BANDAVAIL5,12,836,48.0,0.0
837,BW03,RAISE60SEC,BANDAVAIL5,4,837,48.0,0.0
838,BW03,RAISE6SEC,BANDAVAIL5,4,838,48.0,0.0
839,BW03,RAISEREG,BANDAVAIL5,4,839,98.8,0.0
840,BW04,LOWER5MIN,BANDAVAIL5,2,840,48.0,0.0
841,BW04,LOWER60SEC,BANDAVAIL5,2,841,48.0,0.0
842,BW04,LOWER6SEC,BANDAVAIL5,2,842,48.0,0.0
843,BW04,LOWERREG,BANDAVAIL5,4,843,48.0,0.0
844,BW04,RAISE5MIN,BANDAVAIL5,12,844,48.0,0.0
845,BW04,RAISE60SEC,BANDAVAIL5,4,845,48.0,0.0
846,BW04,RAISE6SEC,BANDAVAIL5,4,846,48.0,0.0
847,BW04,RAISEREG,BANDAVAIL5,4,847,98.8,0.0
848,CETHANA,LOWERREG,BANDAVAIL5,26,848,10.0,0.0
849,CETHANA,RAISE5MIN,BANDAVAIL5,99,849,5.0,0.0
850,CETHANA,RAISE6SEC,BANDAVAIL5,10,850,5.0,0.0
851,DARTM1,LOWER60SEC,BANDAVAIL5,4,851,1.2,0.0
852,DARTM1,LOWER6SEC,BANDAVAIL5,4,852,1.2,0.0
853,DDPS1,ENERGY,BANDAVAIL5,660,853,66.82,30.0
854,DEVILS_G,LOWERREG,BANDAVAIL5,26,854,10.0,0.0
855,DEVILS_G,RAISE6SEC,BANDAVAIL5,8,855,5.0,0.43243243
856,DEVILS_G,RAISEREG,BANDAVAIL5,62,856,25.0,0.0
857,GORDON,ENERGY,BANDAVAIL5,290,857,77.74,290.0
858,GORDON,LOWERREG,BANDAVAIL5,440,858,10.0,0.0
859,GORDON,RAISE6SEC,BANDAVAIL5,97,859,5.0,32.133317
860,GORDON,RAISEREG,BANDAVAIL5,348,860,25.0,0.0
861,GSTONE2,ENERGY,BANDAVAIL5,40,861,57.96,0.0
862,GSTONE3,ENERGY,BANDAVAIL5,40,862,57.61,40.0
863,GSTONE3,LOWER60SEC,BANDAVAIL5,3,863,9.99,0.0
864,GSTONE3,LOWERREG,BANDAVAIL5,5,864,8.99,0.0
865,GSTONE3,RAISE60SEC,BANDAVAIL5,5,865,4.96,0.0
866,GSTONE3,RAISE6SEC,BANDAVAIL5,3,866,6.79,0.0
867,GSTONE3,RAISEREG,BANDAVAIL5,5,867,44.99,0.0
868,GSTONE4,ENERGY,BANDAVAIL5,40,868,57.61,35.0
869,GSTONE4,LOWER60SEC,BANDAVAIL5,3,869,9.99,0.0
870,GSTONE4,LOWERREG,BANDAVAIL5,5,870,8.99,0.0
871,GSTONE4,RAISE60SEC,BANDAVAIL5,5,871,4.96,0.0
872,GSTONE4,RAISE6SEC,BANDAVAIL5,3,872,6.79,0.0
873,GSTONE4,RAISEREG,BANDAVAIL5,5,873,44.99,0.0
874,GSTONE5,ENERGY,BANDAVAIL5,40,874,57.96,40.0
875,GSTONE5,LOWER60SEC,BANDAVAIL5,3,875,9.99,0.0
876,GSTONE5,LOWERREG,BANDAVAIL5,5,876,8.99,0.0
877,GSTONE5,RAISE60SEC,BANDAVAIL5,3,877,4.96,0.0
878,GSTONE5,RAISE6SEC,BANDAVAIL5,3,878,6.79,0.0
879,GSTONE5,RAISEREG,BANDAVAIL5,5,879,44.99,0.0
880,GSTONE6,ENERGY,BANDAVAIL5,40,880,57.96,40.0
881,GSTONE6,LOWER60SEC,BANDAVAIL5,3,881,9.99,0.0
882,GSTONE6,LOWERREG,BANDAVAIL5,5,882,8.99,0.0
883,GSTONE6,RAISE60SEC,BANDAVAIL5,3,883,4.96,0.0
884,GSTONE6,RAISE6SEC,BANDAVAIL5,3,884,6.79,0.0
885,GSTONE6,RAISEREG,BANDAVAIL5,5,885,44.99,0.0
886,GUNNING1,ENERGY,BANDAVAIL5,47,886,0.0,0.0
887,LD01,LOWER60SEC,BANDAVAIL5,5,887,88.0,0.0
888,LD01,LOWER6SEC,BANDAVAIL5,5,888,88.0,0.0
889,LD01,RAISE60SEC,BANDAVAIL5,3,889,88.0,0.0
890,LD01,RAISE6SEC,BANDAVAIL5,3,890,38.0,0.0
891,LD02,LOWER60SEC,BANDAVAIL5,5,891,88.0,0.0
892,LD02,LOWER6SEC,BANDAVAIL5,5,892,88.0,0.0
893,LD02,RAISE60SEC,BANDAVAIL5,3,893,88.0,0.0
894,LD02,RAISE6SEC,BANDAVAIL5,3,894,38.0,0.0
895,LD03,LOWER60SEC,BANDAVAIL5,5,895,88.0,0.0
896,LD03,LOWER6SEC,BANDAVAIL5,5,896,88.0,0.0
897,LD03,RAISE60SEC,BANDAVAIL5,3,897,88.0,0.0
898,LD03,RAISE6SEC,BANDAVAIL5,3,898,38.0,0.0
899,LD04,LOWER60SEC,BANDAVAIL5,5,899,88.0,0.0
900,LD04,LOWER6SEC,BANDAVAIL5,5,900,88.0,0.0
901,LD04,RAISE60SEC,BANDAVAIL5,3,901,88.0,0.0
902,LD04,RAISE6SEC,BANDAVAIL5,3,902,38.0,0.0
903,LEM_WIL,RAISE60SEC,BANDAVAIL5,11,903,5.0,0.0
904,LEM_WIL,RAISE6SEC,BANDAVAIL5,1,904,5.0,0.0
905,LEM_WIL,RAISEREG,BANDAVAIL5,19,905,25.0,0.0
906,LI_WY_CA,RAISE5MIN,BANDAVAIL5,52,906,5.0,0.0
907,LI_WY_CA,RAISE60SEC,BANDAVAIL5,51,907,5.0,0.0
908,LI_WY_CA,RAISE6SEC,BANDAVAIL5,8,908,5.0,1.1428571
909,LOYYB1,LOWERREG,BANDAVAIL5,25,909,499.99,0.0
910,LOYYB2,LOWERREG,BANDAVAIL5,25,910,499.99,0.0
911,LYA2,LOWERREG,BANDAVAIL5,5,911,5.0,5.0
912,LYA3,LOWERREG,BANDAVAIL5,5,912,5.0,0.0
913,LYA3,RAISE5MIN,BANDAVAIL5,10,913,1.2,10.0
914,LYA4,LOWERREG,BANDAVAIL5,5,914,5.0,0.0
915,LYA4,RAISE5MIN,BANDAVAIL5,10,915,1.2,10.0
916,MCKAY1,LOWER60SEC,BANDAVAIL5,5,916,1.2,0.0
917,MCKAY1,LOWERREG,BANDAVAIL5,4,917,1.2,4.0
918,MCKAY1,RAISE60SEC,BANDAVAIL5,5,918,1.2,0.0
919,MCKAY1,RAISEREG,BANDAVAIL5,4,919,1.2,4.0
920,MEADOWBK,RAISE60SEC,BANDAVAIL5,37,920,5.0,0.0
921,MORTLK12,ENERGY,BANDAVAIL5,292,921,58.89,135.0
922,MP1,LOWER5MIN,BANDAVAIL5,20,922,4.9,0.0
923,MP1,LOWER60SEC,BANDAVAIL5,20,923,29.9,0.0
924,MP1,RAISE5MIN,BANDAVAIL5,10,924,28.5,0.0
925,MP1,RAISE60SEC,BANDAVAIL5,6,925,18.5,0.0
926,MP1,RAISE6SEC,BANDAVAIL5,20,926,13.4,0.0
927,MP1,RAISEREG,BANDAVAIL5,20,927,75.1,0.0
928,MP2,LOWER5MIN,BANDAVAIL5,20,928,4.9,0.0
929,MP2,LOWER60SEC,BANDAVAIL5,20,929,29.9,0.0
930,MP2,RAISE5MIN,BANDAVAIL5,10,930,28.5,0.0
931,MP2,RAISE60SEC,BANDAVAIL5,6,931,18.5,0.0
932,MP2,RAISE6SEC,BANDAVAIL5,20,932,13.4,0.0
933,MP2,RAISEREG,BANDAVAIL5,20,933,49.2,0.0
934,OSB-AG,ENERGY,BANDAVAIL5,59,934,59.96,28.0
935,POAT110,ENERGY,BANDAVAIL5,74,935,78.89,74.0
936,POAT110,RAISEREG,BANDAVAIL5,56,936,25.0,0.0
937,POAT220,ENERGY,BANDAVAIL5,130,937,79.76,13.511073
938,POAT220,RAISEREG,BANDAVAIL5,87,938,25.0,0.0
939,REECE2,RAISE6SEC,BANDAVAIL5,20,939,5.0,20.0
940,STAN-1,LOWERREG,BANDAVAIL5,2,940,55.0,0.0
941,STAN-4,LOWERREG,BANDAVAIL5,2,941,55.0,0.0
942,TALWA1,ENERGY,BANDAVAIL5,230,942,74.76,225.0
943,TARONG#1,ENERGY,BANDAVAIL5,5,943,151.04,0.0
944,TARONG#2,LOWERREG,BANDAVAIL5,2,944,55.0,0.0
945,TARONG#3,LOWERREG,BANDAVAIL5,2,945,55.0,0.0
946,TREVALLN,RAISE5MIN,BANDAVAIL5,57,946,5.0,0.0
947,TREVALLN,RAISE60SEC,BANDAVAIL5,17,947,5.0,0.0
948,TREVALLN,RAISE6SEC,BANDAVAIL5,7,948,5.0,0.0
949,TREVALLN,RAISEREG,BANDAVAIL5,57,949,25.0,0.0
950,TUMUT3,ENERGY,BANDAVAIL5,10,950,74.25,10.0
951,TUMUT3,LOWERREG,BANDAVAIL5,75,951,30.0,0.0
952,TUMUT3,RAISE5MIN,BANDAVAIL5,75,952,30.0,0.0
953,TUMUT3,RAISEREG,BANDAVAIL5,75,953,30.0,0.0
954,UPPTUMUT,ENERGY,BANDAVAIL5,90,954,74.58,90.0
955,UPPTUMUT,LOWER5MIN,BANDAVAIL5,40,955,30.0,0.0
956,UPPTUMUT,LOWERREG,BANDAVAIL5,40,956,30.0,0.0
957,UPPTUMUT,RAISE5MIN,BANDAVAIL5,40,957,30.0,0.0
958,UPPTUMUT,RAISEREG,BANDAVAIL5,40,958,30.0,0.0
959,URANQ11,ENERGY,BANDAVAIL5,166,959,65.07,30.0
960,URANQ12,ENERGY,BANDAVAIL5,166,960,65.07,30.0
961,URANQ13,ENERGY,BANDAVAIL5,166,961,65.07,30.0
962,VP5,ENERGY,BANDAVAIL5,70,962,48.28,70.0
963,VP5,LOWER60SEC,BANDAVAIL5,5,963,15.0,0.0
964,VP5,LOWER6SEC,BANDAVAIL5,5,964,15.0,0.0
965,VP5,LOWERREG,BANDAVAIL5,5,965,35.0,0.0
966,VP5,RAISE5MIN,BANDAVAIL5,5,966,15.0,0.0
967,VP5,RAISE60SEC,BANDAVAIL5,5,967,15.0,0.0
968,VP5,RAISE6SEC,BANDAVAIL5,5,968,15.0,0.0
969,VP5,RAISEREG,BANDAVAIL5,5,969,28.0,0.0
970,VP6,ENERGY,BANDAVAIL5,70,970,48.28,70.0
971,VP6,LOWER60SEC,BANDAVAIL5,5,971,15.0,0.0
972,VP6,LOWER6SEC,BANDAVAIL5,5,972,15.0,0.0
973,VP6,LOWERREG,BANDAVAIL5,5,973,35.0,0.0
974,VP6,RAISE5MIN,BANDAVAIL5,5,974,15.0,0.0
975,VP6,RAISE60SEC,BANDAVAIL5,5,975,15.0,0.0
976,VP6,RAISE6SEC,BANDAVAIL5,5,976,15.0,0.0
977,VP6,RAISEREG,BANDAVAIL5,5,977,28.0,0.0
978,WATERLWF,ENERGY,BANDAVAIL5,130,978,-44.03,112.1
979,YWPS2,ENERGY,BANDAVAIL5,30,979,23.91,0.0
980,YWPS2,RAISE6SEC,BANDAVAIL5,5,980,33.33,0.0
981,YWPS3,ENERGY,BANDAVAIL5,30,981,23.91,24.0
982,YWPS3,RAISE6SEC,BANDAVAIL5,5,982,33.33,0.0
983,YWPS4,ENERGY,BANDAVAIL5,30,983,23.91,9.0
984,YWPS4,RAISE6SEC,BANDAVAIL5,5,984,33.33,0.0
985,BRAEMAR2,ENERGY,BANDAVAIL6,23,985,148.97,23.0
986,BRAEMAR3,ENERGY,BANDAVAIL6,26,986,148.98,26.0
987,BW01,LOWER5MIN,BANDAVAIL6,2,987,148.0,0.0
988,BW01,LOWER60SEC,BANDAVAIL6,2,988,148.0,0.0
989,BW01,LOWER6SEC,BANDAVAIL6,2,989,148.0,0.0
990,BW01,LOWERREG,BANDAVAIL6,4,990,148.0,0.0
991,BW01,RAISE5MIN,BANDAVAIL6,6,991,148.0,0.0
992,BW01,RAISE60SEC,BANDAVAIL6,4,992,148.0,0.0
993,BW01,RAISE6SEC,BANDAVAIL6,4,993,148.0,0.0
994,BW02,LOWER5MIN,BANDAVAIL6,2,994,148.0,0.0
995,BW02,LOWER60SEC,BANDAVAIL6,2,995,148.0,0.0
996,BW02,LOWER6SEC,BANDAVAIL6,2,996,148.0,0.0
997,BW02,LOWERREG,BANDAVAIL6,4,997,148.0,0.0
998,BW02,RAISE5MIN,BANDAVAIL6,6,998,148.0,0.0
999,BW02,RAISE60SEC,BANDAVAIL6,4,999,148.0,0.0
1000,BW02,RAISE6SEC,BANDAVAIL6,4,1000,148.0,0.0
1001,BW03,LOWER5MIN,BANDAVAIL6,2,1001,148.0,0.0
1002,BW03,LOWER60SEC,BANDAVAIL6,2,1002,148.0,0.0
1003,BW03,LOWER6SEC,BANDAVAIL6,2,1003,148.0,0.0
1004,BW03,LOWERREG,BANDAVAIL6,4,1004,148.0,0.0
1005,BW03,RAISE5MIN,BANDAVAIL6,6,1005,148.0,0.0
1006,BW03,RAISE60SEC,BANDAVAIL6,4,1006,148.0,0.0
1007,BW03,RAISE6SEC,BANDAVAIL6,4,1007,148.0,0.0
1008,BW04,LOWER5MIN,BANDAVAIL6,2,1008,148.0,0.0
1009,BW04,LOWER60SEC,BANDAVAIL6,2,1009,148.0,0.0
1010,BW04,LOWER6SEC,BANDAVAIL6,2,1010,148.0,0.0
1011,BW04,LOWERREG,BANDAVAIL6,4,1011,148.0,0.0
1012,BW04,RAISE5MIN,BANDAVAIL6,6,1012,148.0,0.0
1013,BW04,RAISE60SEC,BANDAVAIL6,4,1013,148.0,0.0
1014,BW04,RAISE6SEC,BANDAVAIL6,4,1014,148.0,0.0
1015,CETHANA,LOWERREG,BANDAVAIL6,69,1015,30.0,0.0
1016,DARTM1,LOWER60SEC,BANDAVAIL6,5,1016,10.0,0.0
1017,DARTM1,LOWER6SEC,BANDAVAIL6,5,1017,10.0,0.0
1018,EILDON1,LOWER60SEC,BANDAVAIL6,4,1018,10.0,0.0
1019,EILDON1,RAISE60SEC,BANDAVAIL6,4,1019,10.0,0.0
1020,EILDON1,RAISEREG,BANDAVAIL6,4,1020,10.0,0.0
1021,EILDON2,LOWER60SEC,BANDAVAIL6,4,1021,10.0,0.0
1022,EILDON2,RAISEREG,BANDAVAIL6,4,1022,10.0,0.0
1023,GORDON,ENERGY,BANDAVAIL6,74,1023,93.27,0.0
1024,GSTONE3,LOWER60SEC,BANDAVAIL6,2,1024,17.99,0.0
1025,GSTONE3,LOWER6SEC,BANDAVAIL6,5,1025,17.99,0.0
1026,GSTONE3,LOWERREG,BANDAVAIL6,5,1026,19.79,0.0
1027,GSTONE3,RAISE60SEC,BANDAVAIL6,5,1027,9.57,0.0
1028,GSTONE3,RAISE6SEC,BANDAVAIL6,2,1028,9.8,0.0
1029,GSTONE4,LOWER60SEC,BANDAVAIL6,2,1029,17.99,0.0
1030,GSTONE4,LOWER6SEC,BANDAVAIL6,5,1030,17.99,0.0
1031,GSTONE4,LOWERREG,BANDAVAIL6,5,1031,19.79,0.0
1032,GSTONE4,RAISE60SEC,BANDAVAIL6,5,1032,9.57,0.0
1033,GSTONE4,RAISE6SEC,BANDAVAIL6,2,1033,9.8,0.0
1034,GSTONE5,LOWER60SEC,BANDAVAIL6,2,1034,17.99,0.0
1035,GSTONE5,LOWER6SEC,BANDAVAIL6,5,1035,17.99,0.0
1036,GSTONE5,LOWERREG,BANDAVAIL6,5,1036,19.79,0.0
1037,GSTONE5,RAISE60SEC,BANDAVAIL6,2,1037,9.57,0.0
1038,GSTONE5,RAISE6SEC,BANDAVAIL6,2,1038,9.8,0.0
1039,GSTONE6,LOWER60SEC,BANDAVAIL6,2,1039,17.99,0.0
1040,GSTONE6,LOWER6SEC,BANDAVAIL6,5,1040,17.99,0.0
1041,GSTONE6,LOWERREG,BANDAVAIL6,5,1041,19.79,0.0
1042,GSTONE6,RAISE60SEC,BANDAVAIL6,2,1042,9.57,0.0
1043,GSTONE6,RAISE6SEC,BANDAVAIL6,2,1043,9.8,0.0
1044,GUNNING1,ENERGY,BANDAVAIL6,47,1044,10.0,0.0
1045,LD01,LOWER60SEC,BANDAVAIL6,2,1045,148.0,0.0
1046,LD01,LOWER6SEC,BANDAVAIL6,2,1046,148.0,0.0
1047,LD01,RAISE60SEC,BANDAVAIL6,3,1047,148.0,0.0
1048,LD01,RAISE6SEC,BANDAVAIL6,3,1048,88.0,0.0
1049,LD02,LOWER60SEC,BANDAVAIL6,2,1049,148.0,0.0
1050,LD02,LOWER6SEC,BANDAVAIL6,2,1050,148.0,0.0
1051,LD02,RAISE60SEC,BANDAVAIL6,3,1051,148.0,0.0
1052,LD02,RAISE6SEC,BANDAVAIL6,3,1052,88.0,0.0
1053,LD03,LOWER60SEC,BANDAVAIL6,2,1053,148.0,0.0
1054,LD03,LOWER6SEC,BANDAVAIL6,2,1054,148.0,0.0
1055,LD03,RAISE60SEC,BANDAVAIL6,3,1055,148.0,0.0
1056,LD03,RAISE6SEC,BANDAVAIL6,3,1056,88.0,0.0
1057,LD04,LOWER60SEC,BANDAVAIL6,2,1057,148.0,0.0
1058,LD04,LOWER6SEC,BANDAVAIL6,2,1058,148.0,0.0
1059,LD04,RAISE60SEC,BANDAVAIL6,3,1059,148.0,0.0
1060,LD04,RAISE6SEC,BANDAVAIL6,3,1060,88.0,0.0
1061,LOYYB1,LOWER5MIN,BANDAVAIL6,10,1061,0.79,0.0
1062,LOYYB1,LOWERREG,BANDAVAIL6,30,1062,929.99,0.0
1063,LOYYB1,RAISE5MIN,BANDAVAIL6,18,1063,14.99,0.0
1064,LOYYB1,RAISE60SEC,BANDAVAIL6,18,1064,14.99,0.0
1065,LOYYB1,RAISE6SEC,BANDAVAIL6,18,1065,14.99,0.0
1066,LOYYB1,RAISEREG,BANDAVAIL6,20,1066,647.99,0.0
1067,LOYYB2,LOWER5MIN,BANDAVAIL6,10,1067,0.79,0.0
1068,LOYYB2,LOWERREG,BANDAVAIL6,35,1068,929.99,0.0
1069,LOYYB2,RAISE5MIN,BANDAVAIL6,18,1069,14.99,0.0
1070,LOYYB2,RAISE60SEC,BANDAVAIL6,18,1070,14.99,0.0
1071,LOYYB2,RAISE6SEC,BANDAVAIL6,18,1071,14.99,0.0
1072,LOYYB2,RAISEREG,BANDAVAIL6,20,1072,647.99,0.0
1073,LYA2,LOWER5MIN,BANDAVAIL6,20,1073,10.0,0.0
1074,LYA2,LOWER60SEC,BANDAVAIL6,20,1074,10.0,0.0
1075,LYA2,LOWER6SEC,BANDAVAIL6,20,1075,10.0,0.0
1076,LYA2,LOWERREG,BANDAVAIL6,5,1076,9.0,0.0
1077,LYA3,LOWER5MIN,BANDAVAIL6,20,1077,10.0,0.0
1078,LYA3,LOWER60SEC,BANDAVAIL6,20,1078,10.0,0.0
1079,LYA3,LOWER6SEC,BANDAVAIL6,20,1079,10.0,0.0
1080,LYA3,LOWERREG,BANDAVAIL6,5,1080,9.0,0.0
1081,LYA3,RAISE5MIN,BANDAVAIL6,10,1081,10.0,0.0
1082,LYA4,LOWER5MIN,BANDAVAIL6,20,1082,10.0,0.0
1083,LYA4,LOWER60SEC,BANDAVAIL6,20,1083,10.0,0.0
1084,LYA4,LOWER6SEC,BANDAVAIL6,20,1084,10.0,0.0
1085,LYA4,LOWERREG,BANDAVAIL6,5,1085,9.0,0.0
1086,LYA4,RAISE5MIN,BANDAVAIL6,10,1086,10.0,0.0
1087,MCKAY1,LOWER60SEC,BANDAVAIL6,5,1087,10.0,0.0
1088,MCKAY1,LOWERREG,BANDAVAIL6,5,1088,10.0,0.0
1089,MCKAY1,RAISE60SEC,BANDAVAIL6,5,1089,10.0,0.0
1090,MCKAY1,RAISE6SEC,BANDAVAIL6,1,1090,10.0,0.0
1091,MCKAY1,RAISEREG,BANDAVAIL6,5,1091,10.0,0.0
1092,MEADOWBK,RAISE6SEC,BANDAVAIL6,4,1092,10.0,0.0
1093,MORTLK11,ENERGY,BANDAVAIL6,292,1093,70.13,71.0
1094,MP1,LOWER5MIN,BANDAVAIL6,5,1094,9.9,0.0
1095,MP1,LOWER60SEC,BANDAVAIL6,5,1095,49.9,0.0
1096,MP1,LOWERREG,BANDAVAIL6,20,1096,29.0,0.0
1097,MP1,RAISE5MIN,BANDAVAIL6,20,1097,45.0,0.0
1098,MP1,RAISE60SEC,BANDAVAIL6,20,1098,30.0,0.0
1099,MP1,RAISE6SEC,BANDAVAIL6,20,1099,22.5,0.0
1100,MP1,RAISEREG,BANDAVAIL6,20,1100,120.1,0.0
1101,MP2,LOWER5MIN,BANDAVAIL6,5,1101,9.9,0.0
1102,MP2,LOWER60SEC,BANDAVAIL6,5,1102,49.9,0.0
1103,MP2,LOWERREG,BANDAVAIL6,20,1103,67.0,0.0
1104,MP2,RAISE5MIN,BANDAVAIL6,20,1104,45.0,0.0
1105,MP2,RAISE60SEC,BANDAVAIL6,20,1105,30.0,0.0
1106,MP2,RAISE6SEC,BANDAVAIL6,20,1106,22.5,0.0
1107,MP2,RAISEREG,BANDAVAIL6,20,1107,107.2,0.0
1108,POAT110,ENERGY,BANDAVAIL6,22,1108,94.66,0.0
1109,POAT110,LOWERREG,BANDAVAIL6,62,1109,30.0,0.0
1110,POAT220,ENERGY,BANDAVAIL6,41,1110,95.69,0.0
1111,POAT220,LOWERREG,BANDAVAIL6,123,1111,30.0,0.0
1112,PTSTAN1,ENERGY,BANDAVAIL6,65,1112,353.2,0.0
1113,STAN-1,LOWERREG,BANDAVAIL6,2,1113,99.0,0.0
1114,STAN-1,RAISEREG,BANDAVAIL6,4,1114,99.0,0.0
1115,STAN-4,LOWERREG,BANDAVAIL6,2,1115,99.0,0.0
1116,STAN-4,RAISEREG,BANDAVAIL6,4,1116,99.0,0.0
1117,TARONG#2,LOWERREG,BANDAVAIL6,2,1117,99.0,0.0
1118,TARONG#2,RAISEREG,BANDAVAIL6,4,1118,99.0,0.0
1119,TARONG#3,LOWERREG,BANDAVAIL6,2,1119,99.0,0.0
1120,TARONG#3,RAISEREG,BANDAVAIL6,4,1120,99.0,0.0
1121,TUMUT3,LOWERREG,BANDAVAIL6,75,1121,100.0,0.0
1122,TUMUT3,RAISE5MIN,BANDAVAIL6,75,1122,100.0,0.0
1123,TUMUT3,RAISEREG,BANDAVAIL6,75,1123,100.0,0.0
1124,UPPTUMUT,ENERGY,BANDAVAIL6,50,1124,92.97,50.0
1125,UPPTUMUT,LOWER5MIN,BANDAVAIL6,40,1125,100.0,0.0
1126,UPPTUMUT,LOWERREG,BANDAVAIL6,40,1126,100.0,0.0
1127,UPPTUMUT,RAISE5MIN,BANDAVAIL6,40,1127,100.0,0.0
1128,UPPTUMUT,RAISEREG,BANDAVAIL6,40,1128,100.0,0.0
1129,VP5,ENERGY,BANDAVAIL6,70,1129,68.92,70.0
1130,VP5,LOWER5MIN,BANDAVAIL6,5,1130,20.0,0.0
1131,VP5,LOWER60SEC,BANDAVAIL6,5,1131,50.0,0.0
1132,VP5,LOWER6SEC,BANDAVAIL6,5,1132,50.0,0.0
1133,VP5,LOWERREG,BANDAVAIL6,5,1133,50.0,0.0
1134,VP6,ENERGY,BANDAVAIL6,70,1134,68.92,70.0
1135,VP6,LOWER5MIN,BANDAVAIL6,5,1135,20.0,0.0
1136,VP6,LOWER60SEC,BANDAVAIL6,5,1136,50.0,0.0
1137,VP6,LOWER6SEC,BANDAVAIL6,5,1137,50.0,0.0
1138,VP6,LOWERREG,BANDAVAIL6,5,1138,50.0,0.0
1139,YWPS2,RAISE5MIN,BANDAVAIL6,5,1139,30.03,0.0
1140,YWPS2,RAISE60SEC,BANDAVAIL6,10,1140,39.0,0.0
1141,YWPS3,RAISE60SEC,BANDAVAIL6,5,1141,39.0,0.0
1142,YWPS4,RAISE60SEC,BANDAVAIL6,5,1142,39.0,0.0
1143,AGLHAL,ENERGY,BANDAVAIL7,60,1143,573.02,0.0
1144,APD01,RAISE5MIN,BANDAVAIL7,20,1144,56.99,0.0
1145,APD01,RAISE60SEC,BANDAVAIL7,20,1145,57.55,0.0
1146,BRAEMAR1,ENERGY,BANDAVAIL7,5,1146,242.67,5.0
1147,BRAEMAR2,ENERGY,BANDAVAIL7,5,1147,242.65,5.0
1148,BRAEMAR3,ENERGY,BANDAVAIL7,5,1148,242.66,5.0
1149,BW01,LOWER5MIN,BANDAVAIL7,2,1149,648.0,0.0
1150,BW01,LOWER60SEC,BANDAVAIL7,2,1150,648.0,0.0
1151,BW01,LOWER6SEC,BANDAVAIL7,2,1151,648.0,0.0
1152,BW01,LOWERREG,BANDAVAIL7,4,1152,648.0,0.0
1153,BW01,RAISE5MIN,BANDAVAIL7,4,1153,648.0,0.0
1154,BW01,RAISE60SEC,BANDAVAIL7,4,1154,648.0,0.0
1155,BW01,RAISE6SEC,BANDAVAIL7,4,1155,648.0,0.0
1156,BW02,LOWER5MIN,BANDAVAIL7,2,1156,648.0,0.0
1157,BW02,LOWER60SEC,BANDAVAIL7,2,1157,648.0,0.0
1158,BW02,LOWER6SEC,BANDAVAIL7,2,1158,648.0,0.0
1159,BW02,LOWERREG,BANDAVAIL7,4,1159,648.0,0.0
1160,BW02,RAISE5MIN,BANDAVAIL7,4,1160,648.0,0.0
1161,BW02,RAISE60SEC,BANDAVAIL7,4,1161,648.0,0.0
1162,BW02,RAISE6SEC,BANDAVAIL7,4,1162,648.0,0.0
1163,BW03,LOWER5MIN,BANDAVAIL7,2,1163,648.0,0.0
1164,BW03,LOWER60SEC,BANDAVAIL7,2,1164,648.0,0.0
1165,BW03,LOWER6SEC,BANDAVAIL7,2,1165,648.0,0.0
1166,BW03,LOWERREG,BANDAVAIL7,4,1166,648.0,0.0
1167,BW03,RAISE5MIN,BANDAVAIL7,4,1167,648.0,0.0
1168,BW03,RAISE60SEC,BANDAVAIL7,4,1168,648.0,0.0
1169,BW03,RAISE6SEC,BANDAVAIL7,4,1169,648.0,0.0
1170,BW04,LOWER5MIN,BANDAVAIL7,2,1170,648.0,0.0
1171,BW04,LOWER60SEC,BANDAVAIL7,2,1171,648.0,0.0
1172,BW04,LOWER6SEC,BANDAVAIL7,2,1172,648.0,0.0
1173,BW04,LOWERREG,BANDAVAIL7,4,1173,648.0,0.0
1174,BW04,RAISE5MIN,BANDAVAIL7,4,1174,648.0,0.0
1175,BW04,RAISE60SEC,BANDAVAIL7,4,1175,648.0,0.0
1176,BW04,RAISE6SEC,BANDAVAIL7,4,1176,648.0,0.0
1177,CETHANA,ENERGY,BANDAVAIL7,19,1177,107.65,0.0
1178,DEVILS_G,ENERGY,BANDAVAIL7,7,1178,107.37,0.0
1179,DEVILS_G,LOWERREG,BANDAVAIL7,34,1179,101.0,0.0
1180,DRYCGT3,ENERGY,BANDAVAIL7,15,1180,1751.94,0.0
1181,GSTONE2,ENERGY,BANDAVAIL7,45,1181,95.33,0.0
1182,GSTONE3,ENERGY,BANDAVAIL7,45,1182,94.74,31.2613
1183,GSTONE3,LOWER60SEC,BANDAVAIL7,3,1183,28.99,0.0
1184,GSTONE3,LOWERREG,BANDAVAIL7,5,1184,20.79,0.0
1185,GSTONE3,RAISE60SEC,BANDAVAIL7,10,1185,18.65,0.0
1186,GSTONE3,RAISE6SEC,BANDAVAIL7,2,1186,13.49,0.0
1187,GSTONE4,ENERGY,BANDAVAIL7,45,1187,94.74,0.0
1188,GSTONE4,LOWER60SEC,BANDAVAIL7,3,1188,28.99,0.0
1189,GSTONE4,LOWERREG,BANDAVAIL7,5,1189,20.79,0.0
1190,GSTONE4,RAISE60SEC,BANDAVAIL7,10,1190,18.65,0.0
1191,GSTONE4,RAISE6SEC,BANDAVAIL7,2,1191,13.49,0.0
1192,GSTONE5,ENERGY,BANDAVAIL7,45,1192,95.33,45.0
1193,GSTONE5,LOWER60SEC,BANDAVAIL7,3,1193,28.99,0.0
1194,GSTONE5,LOWERREG,BANDAVAIL7,5,1194,20.79,0.0
1195,GSTONE5,RAISE60SEC,BANDAVAIL7,2,1195,18.65,0.0
1196,GSTONE5,RAISE6SEC,BANDAVAIL7,2,1196,13.49,0.0
1197,GSTONE6,ENERGY,BANDAVAIL7,45,1197,95.33,45.0
1198,GSTONE6,LOWER60SEC,BANDAVAIL7,3,1198,28.99,0.0
1199,GSTONE6,LOWERREG,BANDAVAIL7,5,1199,20.79,0.0
1200,GSTONE6,RAISE60SEC,BANDAVAIL7,2,1200,18.65,0.0
1201,GSTONE6,RAISE6SEC,BANDAVAIL7,2,1201,13.49,0.0
1202,GUNNING1,ENERGY,BANDAVAIL7,47,1202,20.0,0.0
1203,LD01,LOWER60SEC,BANDAVAIL7,2,1203,648.0,0.0
1204,LD01,LOWER6SEC,BANDAVAIL7,2,1204,648.0,0.0
1205,LD01,RAISE60SEC,BANDAVAIL7,3,1205,648.0,0.0
1206,LD01,RAISE6SEC,BANDAVAIL7,3,1206,148.0,0.0
1207,LD02,LOWER60SEC,BANDAVAIL7,2,1207,648.0,0.0
1208,LD02,LOWER6SEC,BANDAVAIL7,2,1208,648.0,0.0
1209,LD02,RAISE60SEC,BANDAVAIL7,3,1209,648.0,0.0
1210,LD02,RAISE6SEC,BANDAVAIL7,3,1210,148.0,0.0
1211,LD03,LOWER60SEC,BANDAVAIL7,2,1211,648.0,0.0
1212,LD03,LOWER6SEC,BANDAVAIL7,2,1212,648.0,0.0
1213,LD03,RAISE60SEC,BANDAVAIL7,3,1213,648.0,0.0
1214,LD03,RAISE6SEC,BANDAVAIL7,3,1214,148.0,0.0
1215,LD04,LOWER60SEC,BANDAVAIL7,2,1215,648.0,0.0
1216,LD04,LOWER6SEC,BANDAVAIL7,2,1216,648.0,0.0
1217,LD04,RAISE60SEC,BANDAVAIL7,3,1217,648.0,0.0
1218,LD04,RAISE6SEC,BANDAVAIL7,3,1218,148.0,0.0
1219,LEM_WIL,ENERGY,BANDAVAIL7,10,1219,107.84,0.0
1220,LEM_WIL,LOWERREG,BANDAVAIL7,23,1220,101.0,0.0
1221,LOYYB1,RAISE5MIN,BANDAVAIL7,25,1221,99.99,0.0
1222,LOYYB1,RAISE60SEC,BANDAVAIL7,25,1222,99.99,0.0
1223,LOYYB1,RAISE6SEC,BANDAVAIL7,25,1223,99.99,0.0
1224,LOYYB1,RAISEREG,BANDAVAIL7,50,1224,1259.81,0.0
1225,LOYYB2,RAISE5MIN,BANDAVAIL7,25,1225,99.99,0.0
1226,LOYYB2,RAISE60SEC,BANDAVAIL7,25,1226,99.99,0.0
1227,LOYYB2,RAISE6SEC,BANDAVAIL7,25,1227,99.99,0.0
1228,LOYYB2,RAISEREG,BANDAVAIL7,50,1228,1259.81,0.0
1229,LYA2,LOWERREG,BANDAVAIL7,20,1229,100.0,0.0
1230,LYA2,RAISE5MIN,BANDAVAIL7,30,1230,100.0,0.0
1231,LYA3,LOWERREG,BANDAVAIL7,20,1231,100.0,0.0
1232,LYA4,LOWERREG,BANDAVAIL7,20,1232,100.0,0.0
1233,MP1,LOWER5MIN,BANDAVAIL7,5,1233,99.0,0.0
1234,MP1,LOWER60SEC,BANDAVAIL7,5,1234,245.5,0.0
1235,MP1,LOWER6SEC,BANDAVAIL7,10,1235,99.99,0.0
1236,MP1,LOWERREG,BANDAVAIL7,20,1236,230.0,0.0
1237,MP1,RAISE5MIN,BANDAVAIL7,20,1237,95.0,0.0
1238,MP1,RAISE60SEC,BANDAVAIL7,20,1238,51.0,0.0
1239,MP1,RAISE6SEC,BANDAVAIL7,6,1239,46.5,0.0
1240,MP1,RAISEREG,BANDAVAIL7,20,1240,245.0,0.0
1241,MP2,LOWER5MIN,BANDAVAIL7,5,1241,99.0,0.0
1242,MP2,LOWER60SEC,BANDAVAIL7,5,1242,245.5,0.0
1243,MP2,LOWER6SEC,BANDAVAIL7,10,1243,99.99,0.0
1244,MP2,LOWERREG,BANDAVAIL7,20,1244,490.0,0.0
1245,MP2,RAISE5MIN,BANDAVAIL7,20,1245,95.0,0.0
1246,MP2,RAISE60SEC,BANDAVAIL7,20,1246,51.0,0.0
1247,MP2,RAISE6SEC,BANDAVAIL7,6,1247,46.5,0.0
1248,MP2,RAISEREG,BANDAVAIL7,20,1248,248.2,0.0
1249,SNUG1,ENERGY,BANDAVAIL7,63,1249,1473.02,0.0
1250,STAN-1,LOWERREG,BANDAVAIL7,2,1250,300.0,0.0
1251,STAN-1,RAISEREG,BANDAVAIL7,4,1251,300.0,0.0
1252,STAN-4,LOWERREG,BANDAVAIL7,2,1252,300.0,0.0
1253,STAN-4,RAISEREG,BANDAVAIL7,4,1253,300.0,0.0
1254,TARONG#2,LOWERREG,BANDAVAIL7,2,1254,300.0,0.0
1255,TARONG#2,RAISEREG,BANDAVAIL7,4,1255,300.0,0.0
1256,TARONG#3,LOWERREG,BANDAVAIL7,2,1256,300.0,0.0
1257,TARONG#3,RAISEREG,BANDAVAIL7,4,1257,300.0,0.0
1258,TREVALLN,LOWERREG,BANDAVAIL7,100,1258,101.0,0.0
1259,TUMUT3,ENERGY,BANDAVAIL7,190,1259,140.55,0.0
1260,UPPTUMUT,ENERGY,BANDAVAIL7,510,1260,141.19,0.0
1261,UPPTUMUT,LOWER5MIN,BANDAVAIL7,60,1261,250.0,0.0
1262,UPPTUMUT,LOWERREG,BANDAVAIL7,60,1262,250.0,0.0
1263,UPPTUMUT,RAISE5MIN,BANDAVAIL7,60,1263,250.0,0.0
1264,UPPTUMUT,RAISEREG,BANDAVAIL7,60,1264,250.0,0.0
1265,VP5,ENERGY,BANDAVAIL7,10,1265,94.59,10.0
1266,VP5,LOWER5MIN,BANDAVAIL7,10,1266,100.0,0.0
1267,VP5,LOWER60SEC,BANDAVAIL7,5,1267,100.0,0.0
1268,VP5,LOWER6SEC,BANDAVAIL7,5,1268,100.0,0.0
1269,VP5,LOWERREG,BANDAVAIL7,5,1269,100.0,0.0
1270,VP5,RAISE60SEC,BANDAVAIL7,3,1270,100.0,0.0
1271,VP5,RAISE6SEC,BANDAVAIL7,3,1271,100.0,0.0
1272,VP5,RAISEREG,BANDAVAIL7,5,1272,48.0,0.0
1273,VP6,ENERGY,BANDAVAIL7,10,1273,94.59,10.0
1274,VP6,LOWER5MIN,BANDAVAIL7,10,1274,100.0,0.0
1275,VP6,LOWER60SEC,BANDAVAIL7,5,1275,100.0,0.0
1276,VP6,LOWER6SEC,BANDAVAIL7,5,1276,100.0,0.0
1277,VP6,LOWERREG,BANDAVAIL7,5,1277,100.0,0.0
1278,VP6,RAISE60SEC,BANDAVAIL7,3,1278,50.0,0.0
1279,VP6,RAISE6SEC,BANDAVAIL7,3,1279,50.0,0.0
1280,VP6,RAISEREG,BANDAVAIL7,5,1280,48.0,0.0
1281,YABULU,ENERGY,BANDAVAIL7,91,1281,275.99,20.268309
1282,YABULU2,ENERGY,BANDAVAIL7,24,1282,271.58,19.46501
1283,YWPS2,RAISE60SEC,BANDAVAIL7,5,1283,52.0,0.0
1284,YWPS3,RAISE60SEC,BANDAVAIL7,5,1284,52.0,0.0
1285,YWPS4,RAISE60SEC,BANDAVAIL7,5,1285,52.0,0.0
1286,YWPS4,RAISEREG,BANDAVAIL7,5,1286,240.0,0.0
1287,BRAEMAR1,ENERGY,BANDAVAIL8,5,1287,296.05,0.0
1288,BRAEMAR2,ENERGY,BANDAVAIL8,5,1288,296.03,0.0
1289,BW01,LOWER5MIN,BANDAVAIL8,1,1289,2498.0,0.0
1290,BW01,LOWER60SEC,BANDAVAIL8,1,1290,2498.0,0.0
1291,BW01,LOWER6SEC,BANDAVAIL8,1,1291,2498.0,0.0
1292,BW01,LOWERREG,BANDAVAIL8,4,1292,2498.0,0.0
1293,BW01,RAISE5MIN,BANDAVAIL8,4,1293,2498.0,0.0
1294,BW01,RAISE60SEC,BANDAVAIL8,6,1294,2498.0,0.0
1295,BW01,RAISE6SEC,BANDAVAIL8,6,1295,2498.0,0.0
1296,BW02,LOWER5MIN,BANDAVAIL8,1,1296,2498.0,0.0
1297,BW02,LOWER60SEC,BANDAVAIL8,1,1297,2498.0,0.0
1298,BW02,LOWER6SEC,BANDAVAIL8,1,1298,2498.0,0.0
1299,BW02,LOWERREG,BANDAVAIL8,4,1299,2498.0,0.0
1300,BW02,RAISE5MIN,BANDAVAIL8,4,1300,2498.0,0.0
1301,BW02,RAISE60SEC,BANDAVAIL8,6,1301,2498.0,0.0
1302,BW02,RAISE6SEC,BANDAVAIL8,6,1302,2498.0,0.0
1303,BW03,LOWER5MIN,BANDAVAIL8,1,1303,2498.0,0.0
1304,BW03,LOWER60SEC,BANDAVAIL8,1,1304,2498.0,0.0
1305,BW03,LOWER6SEC,BANDAVAIL8,1,1305,2498.0,0.0
1306,BW03,LOWERREG,BANDAVAIL8,4,1306,2498.0,0.0
1307,BW03,RAISE5MIN,BANDAVAIL8,4,1307,2498.0,0.0
1308,BW03,RAISE60SEC,BANDAVAIL8,6,1308,2498.0,0.0
1309,BW03,RAISE6SEC,BANDAVAIL8,6,1309,2498.0,0.0
1310,BW04,LOWER5MIN,BANDAVAIL8,1,1310,2498.0,0.0
1311,BW04,LOWER60SEC,BANDAVAIL8,1,1311,2498.0,0.0
1312,BW04,LOWER6SEC,BANDAVAIL8,1,1312,2498.0,0.0
1313,BW04,LOWERREG,BANDAVAIL8,4,1313,2498.0,0.0
1314,BW04,RAISE5MIN,BANDAVAIL8,4,1314,2498.0,0.0
1315,BW04,RAISE60SEC,BANDAVAIL8,6,1315,2498.0,0.0
1316,BW04,RAISE6SEC,BANDAVAIL8,6,1316,2498.0,0.0
1317,GSTONE3,LOWER60SEC,BANDAVAIL8,2,1317,145.0,0.0
1318,GSTONE3,LOWER6SEC,BANDAVAIL8,2,1318,145.0,0.0
1319,GSTONE3,LOWERREG,BANDAVAIL8,2,1319,47.0,0.0
1320,GSTONE3,RAISE6SEC,BANDAVAIL8,2,1320,14.79,0.0
1321,GSTONE4,LOWER60SEC,BANDAVAIL8,2,1321,145.0,0.0
1322,GSTONE4,LOWER6SEC,BANDAVAIL8,2,1322,145.0,0.0
1323,GSTONE4,LOWERREG,BANDAVAIL8,2,1323,47.0,0.0
1324,GSTONE4,RAISE6SEC,BANDAVAIL8,2,1324,14.79,0.0
1325,GSTONE5,LOWER60SEC,BANDAVAIL8,2,1325,145.0,0.0
1326,GSTONE5,LOWER6SEC,BANDAVAIL8,2,1326,145.0,0.0
1327,GSTONE5,LOWERREG,BANDAVAIL8,2,1327,47.0,0.0
1328,GSTONE5,RAISE60SEC,BANDAVAIL8,2,1328,145.0,0.0
1329,GSTONE5,RAISE6SEC,BANDAVAIL8,2,1329,14.79,0.0
1330,GSTONE6,LOWER60SEC,BANDAVAIL8,2,1330,145.0,0.0
1331,GSTONE6,LOWER6SEC,BANDAVAIL8,2,1331,145.0,0.0
1332,GSTONE6,LOWERREG,BANDAVAIL8,2,1332,47.0,0.0
1333,GSTONE6,RAISE60SEC,BANDAVAIL8,2,1333,145.0,0.0
1334,GSTONE6,RAISE6SEC,BANDAVAIL8,2,1334,14.79,0.0
1335,GUNNING1,ENERGY,BANDAVAIL8,47,1335,30.0,0.0
1336,LD01,LOWER60SEC,BANDAVAIL8,2,1336,2498.0,0.0
1337,LD01,LOWER6SEC,BANDAVAIL8,2,1337,2498.0,0.0
1338,LD01,RAISE60SEC,BANDAVAIL8,3,1338,2498.0,0.0
1339,LD01,RAISE6SEC,BANDAVAIL8,3,1339,648.0,0.0
1340,LD02,LOWER60SEC,BANDAVAIL8,2,1340,2498.0,0.0
1341,LD02,LOWER6SEC,BANDAVAIL8,2,1341,2498.0,0.0
1342,LD02,RAISE60SEC,BANDAVAIL8,3,1342,2498.0,0.0
1343,LD02,RAISE6SEC,BANDAVAIL8,3,1343,648.0,0.0
1344,LD03,LOWER60SEC,BANDAVAIL8,2,1344,2498.0,0.0
1345,LD03,LOWER6SEC,BANDAVAIL8,2,1345,2498.0,0.0
1346,LD03,RAISE60SEC,BANDAVAIL8,3,1346,2498.0,0.0
1347,LD03,RAISE6SEC,BANDAVAIL8,3,1347,648.0,0.0
1348,LD04,LOWER60SEC,BANDAVAIL8,2,1348,2498.0,0.0
1349,LD04,LOWER6SEC,BANDAVAIL8,2,1349,2498.0,0.0
1350,LD04,RAISE60SEC,BANDAVAIL8,3,1350,2498.0,0.0
1351,LD04,RAISE6SEC,BANDAVAIL8,3,1351,648.0,0.0
1352,LOYYB1,RAISE5MIN,BANDAVAIL8,25,1352,1259.81,0.0
1353,LOYYB1,RAISE60SEC,BANDAVAIL8,10,1353,1259.81,0.0
1354,LOYYB1,RAISE6SEC,BANDAVAIL8,10,1354,1259.81,0.0
1355,LOYYB1,RAISEREG,BANDAVAIL8,5,1355,1999.99,0.0
1356,LOYYB2,RAISE5MIN,BANDAVAIL8,25,1356,1259.81,0.0
1357,LOYYB2,RAISE60SEC,BANDAVAIL8,10,1357,1259.81,0.0
1358,LOYYB2,RAISE6SEC,BANDAVAIL8,10,1358,1259.81,0.0
1359,LOYYB2,RAISEREG,BANDAVAIL8,5,1359,1999.99,0.0
1360,LYA2,RAISEREG,BANDAVAIL8,10,1360,1290.2,0.0
1361,LYA3,RAISEREG,BANDAVAIL8,10,1361,1290.2,0.0
1362,LYA4,RAISEREG,BANDAVAIL8,10,1362,1290.2,0.0
1363,MCKAY1,LOWER6SEC,BANDAVAIL8,12,1363,500.0,0.0
1364,MP1,LOWERREG,BANDAVAIL8,20,1364,480.0,0.0
1365,MP1,RAISE5MIN,BANDAVAIL8,20,1365,140.0,0.0
1366,MP1,RAISE60SEC,BANDAVAIL8,20,1366,150.0,0.0
1367,MP2,LOWERREG,BANDAVAIL8,20,1367,2900.0,0.0
1368,MP2,RAISE5MIN,BANDAVAIL8,20,1368,140.0,0.0
1369,MP2,RAISE60SEC,BANDAVAIL8,20,1369,150.0,0.0
1370,MURRAY,ENERGY,BANDAVAIL8,4,1370,278.11,0.0
1371,OAKEY2,ENERGY,BANDAVAIL8,28,1371,1324.16,0.0
1372,OAKEY1,ENERGY,BANDAVAIL8,28,1372,1324.16,0.0
1373,STAN-1,LOWERREG,BANDAVAIL8,2,1373,2000.0,0.0
1374,STAN-1,RAISEREG,BANDAVAIL8,4,1374,2000.0,0.0
1375,STAN-4,LOWERREG,BANDAVAIL8,2,1375,2000.0,0.0
1376,STAN-4,RAISEREG,BANDAVAIL8,4,1376,2000.0,0.0
1377,TARONG#2,LOWERREG,BANDAVAIL8,2,1377,2000.0,0.0
1378,TARONG#2,RAISEREG,BANDAVAIL8,4,1378,2000.0,0.0
1379,TARONG#3,LOWERREG,BANDAVAIL8,2,1379,2000.0,0.0
1380,TARONG#3,RAISEREG,BANDAVAIL8,4,1380,2000.0,0.0
1381,TORRB2,LOWER5MIN,BANDAVAIL8,40,1381,9000.0,0.0
1382,TORRB3,LOWER5MIN,BANDAVAIL8,40,1382,9000.0,0.0
1383,TORRB4,LOWER5MIN,BANDAVAIL8,40,1383,9000.0,0.0
1384,TUMUT3,ENERGY,BANDAVAIL8,1096,1384,296.71,0.0
1385,VP5,LOWER5MIN,BANDAVAIL8,10,1385,300.0,0.0
1386,VP5,LOWER60SEC,BANDAVAIL8,10,1386,300.0,0.0
1387,VP5,LOWER6SEC,BANDAVAIL8,10,1387,300.0,0.0
1388,VP5,LOWERREG,BANDAVAIL8,10,1388,300.0,0.0
1389,VP5,RAISEREG,BANDAVAIL8,10,1389,100.0,0.0
1390,VP6,LOWER5MIN,BANDAVAIL8,10,1390,300.0,0.0
1391,VP6,LOWER60SEC,BANDAVAIL8,10,1391,300.0,0.0
1392,VP6,LOWER6SEC,BANDAVAIL8,10,1392,300.0,0.0
1393,VP6,LOWERREG,BANDAVAIL8,10,1393,300.0,0.0
1394,VP6,RAISEREG,BANDAVAIL8,10,1394,100.0,0.0
1395,WKIEWA1,LOWER60SEC,BANDAVAIL8,2,1395,500.0,0.0
1396,WKIEWA1,LOWER6SEC,BANDAVAIL8,2,1396,500.0,0.0
1397,WKIEWA1,RAISE60SEC,BANDAVAIL8,2,1397,500.0,0.0
1398,WKIEWA1,RAISE6SEC,BANDAVAIL8,2,1398,500.0,0.0
1399,WKIEWA2,LOWER60SEC,BANDAVAIL8,2,1399,500.0,0.0
1400,WKIEWA2,LOWER6SEC,BANDAVAIL8,2,1400,500.0,0.0
1401,WKIEWA2,RAISE60SEC,BANDAVAIL8,2,1401,500.0,0.0
1402,WKIEWA2,RAISE6SEC,BANDAVAIL8,2,1402,500.0,0.0
1403,YWPS2,LOWERREG,BANDAVAIL8,15,1403,240.9,0.0
1404,YWPS2,RAISE5MIN,BANDAVAIL8,5,1404,100.0,0.0
1405,YWPS2,RAISEREG,BANDAVAIL8,15,1405,450.5,0.0
1406,YWPS4,LOWERREG,BANDAVAIL8,20,1406,240.9,0.0
1407,YWPS4,RAISEREG,BANDAVAIL8,10,1407,450.5,0.0
1408,APD01,RAISE5MIN,BANDAVAIL9,50,1408,2399.0,0.0
1409,APD01,RAISE60SEC,BANDAVAIL9,50,1409,2399.0,0.0
1410,APD01,RAISE6SEC,BANDAVAIL9,35,1410,2399.0,0.0
1411,BASTYAN,ENERGY,BANDAVAIL9,81,1411,343.88,0.0
1412,BBTHREE1,ENERGY,BANDAVAIL9,40,1412,362.42,0.0
1413,BBTHREE2,ENERGY,BANDAVAIL9,40,1413,362.4,0.0
1414,BBTHREE3,ENERGY,BANDAVAIL9,25,1414,362.38,0.0
1415,BRAEMAR5,ENERGY,BANDAVAIL9,160,1415,2053.13,0.0
1416,BW01,LOWER5MIN,BANDAVAIL9,1,1416,6088.0,0.0
1417,BW01,LOWER60SEC,BANDAVAIL9,1,1417,6088.0,0.0
1418,BW01,LOWER6SEC,BANDAVAIL9,1,1418,6088.0,0.0
1419,BW01,LOWERREG,BANDAVAIL9,4,1419,6088.0,0.0
1420,BW01,RAISE5MIN,BANDAVAIL9,4,1420,6088.0,0.0
1421,BW01,RAISE60SEC,BANDAVAIL9,6,1421,6088.0,0.0
1422,BW01,RAISE6SEC,BANDAVAIL9,6,1422,6088.0,0.0
1423,BW02,LOWER5MIN,BANDAVAIL9,1,1423,6088.0,0.0
1424,BW02,LOWER60SEC,BANDAVAIL9,1,1424,6088.0,0.0
1425,BW02,LOWER6SEC,BANDAVAIL9,1,1425,6088.0,0.0
1426,BW02,LOWERREG,BANDAVAIL9,4,1426,6088.0,0.0
1427,BW02,RAISE5MIN,BANDAVAIL9,4,1427,6088.0,0.0
1428,BW02,RAISE60SEC,BANDAVAIL9,6,1428,6088.0,0.0
1429,BW02,RAISE6SEC,BANDAVAIL9,6,1429,6088.0,0.0
1430,BW03,LOWER5MIN,BANDAVAIL9,1,1430,6088.0,0.0
1431,BW03,LOWER60SEC,BANDAVAIL9,1,1431,6088.0,0.0
1432,BW03,LOWER6SEC,BANDAVAIL9,1,1432,6088.0,0.0
1433,BW03,LOWERREG,BANDAVAIL9,4,1433,6088.0,0.0
1434,BW03,RAISE5MIN,BANDAVAIL9,4,1434,6088.0,0.0
1435,BW03,RAISE60SEC,BANDAVAIL9,6,1435,6088.0,0.0
1436,BW03,RAISE6SEC,BANDAVAIL9,6,1436,6088.0,0.0
1437,BW04,LOWER5MIN,BANDAVAIL9,1,1437,6088.0,0.0
1438,BW04,LOWER60SEC,BANDAVAIL9,1,1438,6088.0,0.0
1439,BW04,LOWER6SEC,BANDAVAIL9,1,1439,6088.0,0.0
1440,BW04,LOWERREG,BANDAVAIL9,4,1440,6088.0,0.0
1441,BW04,RAISE5MIN,BANDAVAIL9,4,1441,6088.0,0.0
1442,BW04,RAISE60SEC,BANDAVAIL9,6,1442,6088.0,0.0
1443,BW04,RAISE6SEC,BANDAVAIL9,6,1443,6088.0,0.0
1444,DARTM1,LOWER60SEC,BANDAVAIL9,10,1444,2000.0,0.0
1445,DRYCGT1,ENERGY,BANDAVAIL9,50,1445,13314.64,0.0
1446,DRYCGT2,ENERGY,BANDAVAIL9,50,1446,13314.64,0.0
1447,DRYCGT3,ENERGY,BANDAVAIL9,50,1447,13314.64,0.0
1448,EILDON1,LOWER60SEC,BANDAVAIL9,5,1448,2000.0,0.0
1449,EILDON1,LOWER6SEC,BANDAVAIL9,2,1449,2000.0,0.0
1450,EILDON1,RAISE5MIN,BANDAVAIL9,4,1450,2000.0,0.0
1451,EILDON1,RAISE60SEC,BANDAVAIL9,5,1451,2000.0,0.0
1452,EILDON1,RAISE6SEC,BANDAVAIL9,2,1452,2000.0,0.0
1453,EILDON1,RAISEREG,BANDAVAIL9,5,1453,2000.0,0.0
1454,EILDON2,LOWER60SEC,BANDAVAIL9,5,1454,2000.0,0.0
1455,EILDON2,LOWER6SEC,BANDAVAIL9,2,1455,2000.0,0.0
1456,EILDON2,RAISEREG,BANDAVAIL9,5,1456,2000.0,0.0
1457,GSTONE3,LOWER60SEC,BANDAVAIL9,2,1457,1200.0,0.0
1458,GSTONE3,LOWER6SEC,BANDAVAIL9,2,1458,1200.0,0.0
1459,GSTONE3,LOWERREG,BANDAVAIL9,2,1459,13780.0,0.0
1460,GSTONE3,RAISE6SEC,BANDAVAIL9,3,1460,20.79,0.0
1461,GSTONE4,LOWER60SEC,BANDAVAIL9,2,1461,1200.0,0.0
1462,GSTONE4,LOWER6SEC,BANDAVAIL9,2,1462,1200.0,0.0
1463,GSTONE4,LOWERREG,BANDAVAIL9,2,1463,13780.0,0.0
1464,GSTONE4,RAISE6SEC,BANDAVAIL9,3,1464,20.79,0.0
1465,GSTONE5,LOWER60SEC,BANDAVAIL9,2,1465,1200.0,0.0
1466,GSTONE5,LOWER6SEC,BANDAVAIL9,2,1466,1200.0,0.0
1467,GSTONE5,LOWERREG,BANDAVAIL9,2,1467,13780.0,0.0
1468,GSTONE5,RAISE60SEC,BANDAVAIL9,3,1468,270.0,0.0
1469,GSTONE5,RAISE6SEC,BANDAVAIL9,3,1469,20.79,0.0
1470,GSTONE6,LOWER60SEC,BANDAVAIL9,2,1470,1200.0,0.0
1471,GSTONE6,LOWER6SEC,BANDAVAIL9,2,1471,1200.0,0.0
1472,GSTONE6,LOWERREG,BANDAVAIL9,2,1472,13780.0,0.0
1473,GSTONE6,RAISE60SEC,BANDAVAIL9,3,1473,270.0,0.0
1474,GSTONE6,RAISE6SEC,BANDAVAIL9,3,1474,20.79,0.0
1475,GUNNING1,ENERGY,BANDAVAIL9,47,1475,35.0,0.0
1476,JBUTTERS,ENERGY,BANDAVAIL9,144,1476,342.37,0.0
1477,JLA01,ENERGY,BANDAVAIL9,20,1477,11087.93,0.0
1478,JLA02,ENERGY,BANDAVAIL9,20,1478,11087.93,0.0
1479,JLA04,ENERGY,BANDAVAIL9,20,1479,11087.93,0.0
1480,JLB01,ENERGY,BANDAVAIL9,40,1480,9640.82,0.0
1481,JLB02,ENERGY,BANDAVAIL9,40,1481,9640.82,0.0
1482,JLB03,ENERGY,BANDAVAIL9,40,1482,9640.82,0.0
1483,LD01,LOWER60SEC,BANDAVAIL9,2,1483,7198.0,0.0
1484,LD01,LOWER6SEC,BANDAVAIL9,2,1484,7198.0,0.0
1485,LD01,RAISE60SEC,BANDAVAIL9,3,1485,7198.0,0.0
1486,LD01,RAISE6SEC,BANDAVAIL9,3,1486,7198.0,0.0
1487,LD02,LOWER60SEC,BANDAVAIL9,2,1487,7198.0,0.0
1488,LD02,LOWER6SEC,BANDAVAIL9,2,1488,7198.0,0.0
1489,LD02,RAISE60SEC,BANDAVAIL9,3,1489,7198.0,0.0
1490,LD02,RAISE6SEC,BANDAVAIL9,3,1490,7198.0,0.0
1491,LD03,LOWER60SEC,BANDAVAIL9,2,1491,7198.0,0.0
1492,LD03,LOWER6SEC,BANDAVAIL9,2,1492,7198.0,0.0
1493,LD03,RAISE60SEC,BANDAVAIL9,3,1493,7198.0,0.0
1494,LD03,RAISE6SEC,BANDAVAIL9,3,1494,7198.0,0.0
1495,LD04,LOWER60SEC,BANDAVAIL9,2,1495,7198.0,0.0
1496,LD04,LOWER6SEC,BANDAVAIL9,2,1496,7198.0,0.0
1497,LD04,RAISE60SEC,BANDAVAIL9,3,1497,7198.0,0.0
1498,LD04,RAISE6SEC,BANDAVAIL9,3,1498,7198.0,0.0
1499,LI_WY_CA,ENERGY,BANDAVAIL9,29,1499,362.94,0.0
1500,LOYYB1,ENERGY,BANDAVAIL9,5,1500,3787.69,0.0
1501,LOYYB2,ENERGY,BANDAVAIL9,5,1501,3787.69,0.0
1502,LYA2,ENERGY,BANDAVAIL9,180,1502,486.34,0.0
1503,LYA2,LOWER5MIN,BANDAVAIL9,20,1503,5000.0,0.0
1504,LYA2,LOWER60SEC,BANDAVAIL9,20,1504,5000.0,0.0
1505,LYA2,LOWER6SEC,BANDAVAIL9,20,1505,5000.0,0.0
1506,LYA3,ENERGY,BANDAVAIL9,260,1506,486.34,0.0
1507,LYA3,LOWER60SEC,BANDAVAIL9,20,1507,5000.0,0.0
1508,LYA3,LOWER6SEC,BANDAVAIL9,20,1508,5000.0,0.0
1509,LYA3,RAISE60SEC,BANDAVAIL9,10,1509,5000.0,0.0
1510,LYA4,ENERGY,BANDAVAIL9,260,1510,486.34,0.0
1511,LYA4,LOWER60SEC,BANDAVAIL9,20,1511,5000.0,0.0
1512,LYA4,LOWER6SEC,BANDAVAIL9,20,1512,5000.0,0.0
1513,LYA4,RAISE60SEC,BANDAVAIL9,10,1513,5000.0,0.0
1514,MACKNTSH,ENERGY,BANDAVAIL9,85,1514,339.22,0.0
1515,MCKAY1,LOWER60SEC,BANDAVAIL9,9,1515,2000.0,0.0
1516,MCKAY1,LOWERREG,BANDAVAIL9,10,1516,2000.0,0.0
1517,MCKAY1,RAISE60SEC,BANDAVAIL9,9,1517,2000.0,0.0
1518,MCKAY1,RAISE6SEC,BANDAVAIL9,2,1518,2000.0,0.0
1519,MCKAY1,RAISEREG,BANDAVAIL9,10,1519,2000.0,0.0
1520,MEADOWBK,ENERGY,BANDAVAIL9,36,1520,353.13,0.0
1521,MSTUART1,ENERGY,BANDAVAIL9,152,1521,13423.42,3.4881933
1522,MSTUART2,ENERGY,BANDAVAIL9,152,1522,13423.42,4.2724433
1523,MSTUART3,ENERGY,BANDAVAIL9,139,1523,13423.42,0.0
1524,MURRAY,ENERGY,BANDAVAIL9,500,1524,431.37,0.0
1525,REECE1,ENERGY,BANDAVAIL9,119,1525,340.96,0.0
1526,REECE2,ENERGY,BANDAVAIL9,119,1526,340.15,0.0
1527,ROMA_7,ENERGY,BANDAVAIL9,37,1527,12920.14,0.0
1528,ROMA_8,ENERGY,BANDAVAIL9,37,1528,12920.14,0.0
1529,STAN-1,LOWERREG,BANDAVAIL9,4,1529,13800.0,0.0
1530,STAN-1,RAISEREG,BANDAVAIL9,2,1530,13800.0,0.0
1531,STAN-4,LOWERREG,BANDAVAIL9,4,1531,13800.0,0.0
1532,STAN-4,RAISEREG,BANDAVAIL9,2,1532,13800.0,0.0
1533,TARONG#2,LOWERREG,BANDAVAIL9,4,1533,13800.0,0.0
1534,TARONG#2,RAISEREG,BANDAVAIL9,2,1534,13800.0,0.0
1535,TARONG#3,LOWERREG,BANDAVAIL9,4,1535,13800.0,0.0
1536,TARONG#3,RAISEREG,BANDAVAIL9,2,1536,13800.0,0.0
1537,TARRALEA,ENERGY,BANDAVAIL9,19,1537,342.45,0.5
1538,TREVALLN,ENERGY,BANDAVAIL9,25,1538,359.3,0.0
1539,TRIBUTE,ENERGY,BANDAVAIL9,88,1539,341.78,0.0
1540,TUMUT3,LOWERREG,BANDAVAIL9,120,1540,4800.0,0.0
1541,TUMUT3,RAISE5MIN,BANDAVAIL9,120,1541,4800.0,0.0
1542,TUMUT3,RAISEREG,BANDAVAIL9,120,1542,4800.0,0.0
1543,TVPP104,ENERGY,BANDAVAIL9,58,1543,362.36,0.0
1544,VP5,ENERGY,BANDAVAIL9,30,1544,283.77,0.0
1545,VP5,LOWER60SEC,BANDAVAIL9,10,1545,4995.0,0.0
1546,VP5,LOWER6SEC,BANDAVAIL9,10,1546,4995.0,0.0
1547,VP5,LOWERREG,BANDAVAIL9,10,1547,5000.0,0.0
1548,VP5,RAISEREG,BANDAVAIL9,10,1548,300.0,0.0
1549,VP6,ENERGY,BANDAVAIL9,30,1549,283.77,0.0
1550,VP6,LOWER60SEC,BANDAVAIL9,10,1550,4995.0,0.0
1551,VP6,LOWER6SEC,BANDAVAIL9,10,1551,4995.0,0.0
1552,VP6,LOWERREG,BANDAVAIL9,10,1552,5000.0,0.0
1553,VP6,RAISEREG,BANDAVAIL9,10,1553,300.0,0.0
1554,WKIEWA1,LOWER60SEC,BANDAVAIL9,2,1554,2000.0,0.0
1555,WKIEWA1,LOWER6SEC,BANDAVAIL9,3,1555,2000.0,0.0
1556,WKIEWA1,RAISE60SEC,BANDAVAIL9,2,1556,2000.0,0.0
1557,WKIEWA1,RAISE6SEC,BANDAVAIL9,3,1557,2000.0,0.0
1558,WKIEWA2,LOWER60SEC,BANDAVAIL9,2,1558,2000.0,0.0
1559,WKIEWA2,LOWER6SEC,BANDAVAIL9,3,1559,2000.0,0.0
1560,WKIEWA2,RAISE60SEC,BANDAVAIL9,2,1560,2000.0,0.0
1561,WKIEWA2,RAISE6SEC,BANDAVAIL9,3,1561,2000.0,0.0
1562,AGLHAL,ENERGY,BANDAVAIL10,160,1562,13859.0,0.0
1563,AGLSOM,ENERGY,BANDAVAIL10,170,1563,13772.59,0.0
1564,ANGAST1,ENERGY,BANDAVAIL10,50,1564,14016.62,0.0
1565,APD01,RAISE5MIN,BANDAVAIL10,355,1565,14000.0,0.0
1566,APD01,RAISE60SEC,BANDAVAIL10,355,1566,14000.0,0.0
1567,APD01,RAISE6SEC,BANDAVAIL10,400,1567,14000.0,0.0
1568,BASTYAN,ENERGY,BANDAVAIL10,7,1568,11504.01,0.0
1569,BBTHREE1,ENERGY,BANDAVAIL10,9,1569,12116.05,0.0
1570,BBTHREE2,ENERGY,BANDAVAIL10,9,1570,12116.03,0.0
1571,BBTHREE3,ENERGY,BANDAVAIL10,24,1571,12116.01,0.0
1572,BDL01,ENERGY,BANDAVAIL10,13,1572,14041.04,0.0
1573,BDL02,ENERGY,BANDAVAIL10,10,1573,14041.04,0.0
1574,BLOWERNG,ENERGY,BANDAVAIL10,80,1574,48.53,0.0
1575,BRAEMAR1,ENERGY,BANDAVAIL10,25,1575,13368.6,0.0
1576,BRAEMAR2,ENERGY,BANDAVAIL10,30,1576,13368.6,0.0
1577,BRAEMAR3,ENERGY,BANDAVAIL10,32,1577,13368.6,0.0
1578,BRAEMAR5,ENERGY,BANDAVAIL10,13,1578,13025.79,0.0
1579,BRAEMAR6,ENERGY,BANDAVAIL10,12,1579,13026.75,0.0
1580,BRAEMAR7,ENERGY,BANDAVAIL10,12,1580,13027.7,0.0
1581,BW01,LOWER5MIN,BANDAVAIL10,31,1581,13800.0,0.0
1582,BW01,LOWER60SEC,BANDAVAIL10,31,1582,13800.0,0.0
1583,BW01,LOWER6SEC,BANDAVAIL10,31,1583,13800.0,0.0
1584,BW01,LOWERREG,BANDAVAIL10,66,1584,13800.0,0.0
1585,BW01,RAISE5MIN,BANDAVAIL10,4,1585,13800.0,0.0
1586,BW01,RAISE60SEC,BANDAVAIL10,5,1586,13800.0,0.0
1587,BW01,RAISE6SEC,BANDAVAIL10,5,1587,13800.0,0.0
1588,BW01,RAISEREG,BANDAVAIL10,72,1588,13800.0,0.0
1589,BW01,ENERGY,BANDAVAIL10,40,1589,13425.96,0.0
1590,BW02,ENERGY,BANDAVAIL10,40,1590,13425.96,0.0
1591,BW02,LOWER5MIN,BANDAVAIL10,31,1591,13800.0,0.0
1592,BW02,LOWER60SEC,BANDAVAIL10,31,1592,13800.0,0.0
1593,BW02,LOWER6SEC,BANDAVAIL10,31,1593,13800.0,0.0
1594,BW02,LOWERREG,BANDAVAIL10,66,1594,13800.0,0.0
1595,BW02,RAISE5MIN,BANDAVAIL10,4,1595,13800.0,0.0
1596,BW02,RAISE60SEC,BANDAVAIL10,5,1596,13800.0,0.0
1597,BW02,RAISE6SEC,BANDAVAIL10,5,1597,13800.0,0.0
1598,BW02,RAISEREG,BANDAVAIL10,72,1598,13800.0,0.0
1599,BW03,ENERGY,BANDAVAIL10,100,1599,13444.16,0.0
1600,BW03,LOWER5MIN,BANDAVAIL10,31,1600,13800.0,0.0
1601,BW03,LOWER60SEC,BANDAVAIL10,31,1601,13800.0,0.0
1602,BW03,LOWER6SEC,BANDAVAIL10,31,1602,13800.0,0.0
1603,BW03,LOWERREG,BANDAVAIL10,66,1603,13800.0,0.0
1604,BW03,RAISE5MIN,BANDAVAIL10,4,1604,13800.0,0.0
1605,BW03,RAISE60SEC,BANDAVAIL10,5,1605,13800.0,0.0
1606,BW03,RAISE6SEC,BANDAVAIL10,5,1606,13800.0,0.0
1607,BW03,RAISEREG,BANDAVAIL10,72,1607,13800.0,0.0
1608,BW04,ENERGY,BANDAVAIL10,30,1608,13444.16,0.0
1609,BW04,LOWER5MIN,BANDAVAIL10,31,1609,13800.0,0.0
1610,BW04,LOWER60SEC,BANDAVAIL10,31,1610,13800.0,0.0
1611,BW04,LOWER6SEC,BANDAVAIL10,31,1611,13800.0,0.0
1612,BW04,LOWERREG,BANDAVAIL10,66,1612,13800.0,0.0
1613,BW04,RAISE5MIN,BANDAVAIL10,4,1613,13800.0,0.0
1614,BW04,RAISE60SEC,BANDAVAIL10,5,1614,13800.0,0.0
1615,BW04,RAISE6SEC,BANDAVAIL10,5,1615,13800.0,0.0
1616,BW04,RAISEREG,BANDAVAIL10,72,1616,13800.0,0.0
1617,CALL_B_1,ENERGY,BANDAVAIL10,35,1617,13238.4,0.0
1618,CALL_B_2,ENERGY,BANDAVAIL10,35,1618,13238.4,0.0
1619,CETHANA,LOWER60SEC,BANDAVAIL10,58,1619,13800.0,0.0
1620,CETHANA,LOWER6SEC,BANDAVAIL10,8,1620,13800.0,0.0
1621,CETHANA,LOWERREG,BANDAVAIL10,5,1621,13800.0,0.0
1622,CETHANA,RAISE5MIN,BANDAVAIL10,1,1622,13800.0,0.0
1623,CETHANA,RAISE60SEC,BANDAVAIL10,61,1623,13800.0,0.0
1624,CETHANA,RAISE6SEC,BANDAVAIL10,7,1624,13800.0,0.0
1625,CETHANA,RAISEREG,BANDAVAIL10,1,1625,13800.0,0.0
1626,CG1,ENERGY,BANDAVAIL10,181,1626,13820.8,0.0
1627,CG2,ENERGY,BANDAVAIL10,181,1627,13820.8,0.0
1628,CG3,ENERGY,BANDAVAIL10,181,1628,13820.8,0.0
1629,CG4,ENERGY,BANDAVAIL10,181,1629,13820.8,0.0
1630,CPP_3,ENERGY,BANDAVAIL10,94,1630,13174.0,0.0
1631,CPP_4,ENERGY,BANDAVAIL10,94,1631,13174.0,0.0
1632,CPSA,ENERGY,BANDAVAIL10,6,1632,12050.0,0.0
1633,DARTM1,ENERGY,BANDAVAIL10,185,1633,13638.49,0.0
1634,DARTM1,LOWER60SEC,BANDAVAIL10,70,1634,14000.0,0.0
1635,DARTM1,LOWER6SEC,BANDAVAIL10,10,1635,14000.0,0.0
1636,DEVILS_G,ENERGY,BANDAVAIL10,2,1636,11751.2,0.0
1637,DEVILS_G,LOWER60SEC,BANDAVAIL10,2,1637,13800.0,0.0
1638,DEVILS_G,LOWER6SEC,BANDAVAIL10,2,1638,13800.0,0.0
1639,DEVILS_G,LOWERREG,BANDAVAIL10,5,1639,13800.0,0.0
1640,DEVILS_G,RAISE5MIN,BANDAVAIL10,3,1640,13800.0,0.0
1641,DEVILS_G,RAISE60SEC,BANDAVAIL10,2,1641,13800.0,0.0
1642,DEVILS_G,RAISE6SEC,BANDAVAIL10,2,1642,13800.0,0.0
1643,DEVILS_G,RAISEREG,BANDAVAIL10,3,1643,13800.0,0.0
1644,DRYCGT1,ENERGY,BANDAVAIL10,7,1644,14015.4,0.0
1645,DRYCGT2,ENERGY,BANDAVAIL10,7,1645,14015.4,0.0
1646,EILDON1,ENERGY,BANDAVAIL10,10,1646,13823.38,0.0
1647,EILDON1,LOWER60SEC,BANDAVAIL10,50,1647,14000.0,0.0
1648,EILDON1,LOWER6SEC,BANDAVAIL10,9,1648,14000.0,0.0
1649,EILDON1,RAISE5MIN,BANDAVAIL10,55,1649,14000.0,0.0
1650,EILDON1,RAISE60SEC,BANDAVAIL10,50,1650,14000.0,0.0
1651,EILDON1,RAISE6SEC,BANDAVAIL10,7,1651,14000.0,0.0
1652,EILDON1,RAISEREG,BANDAVAIL10,50,1652,14000.0,0.0
1653,EILDON2,ENERGY,BANDAVAIL10,60,1653,13823.37,0.0
1654,EILDON2,LOWER60SEC,BANDAVAIL10,50,1654,14000.0,0.0
1655,EILDON2,LOWER6SEC,BANDAVAIL10,9,1655,14000.0,0.0
1656,EILDON2,RAISEREG,BANDAVAIL10,50,1656,14000.0,0.0
1657,ER01,ENERGY,BANDAVAIL10,50,1657,13760.6,0.0
1658,ER01,LOWER5MIN,BANDAVAIL10,41,1658,14000.0,0.0
1659,ER01,LOWER60SEC,BANDAVAIL10,75,1659,14000.0,0.0
1660,ER01,LOWER6SEC,BANDAVAIL10,48,1660,14000.0,0.0
1661,ER01,LOWERREG,BANDAVAIL10,96,1661,14000.0,0.0
1662,ER01,RAISE5MIN,BANDAVAIL10,33,1662,14000.0,0.0
1663,ER01,RAISE60SEC,BANDAVAIL10,72,1663,14000.0,0.0
1664,ER01,RAISE6SEC,BANDAVAIL10,39,1664,14000.0,0.0
1665,ER01,RAISEREG,BANDAVAIL10,95,1665,14000.0,0.0
1666,ER02,ENERGY,BANDAVAIL10,50,1666,13760.6,0.0
1667,ER02,LOWER5MIN,BANDAVAIL10,41,1667,14000.0,0.0
1668,ER02,LOWER60SEC,BANDAVAIL10,75,1668,14000.0,0.0
1669,ER02,LOWER6SEC,BANDAVAIL10,48,1669,14000.0,0.0
1670,ER02,LOWERREG,BANDAVAIL10,96,1670,14000.0,0.0
1671,ER02,RAISE5MIN,BANDAVAIL10,33,1671,14000.0,0.0
1672,ER02,RAISE60SEC,BANDAVAIL10,72,1672,14000.0,0.0
1673,ER02,RAISE6SEC,BANDAVAIL10,39,1673,14000.0,0.0
1674,ER02,RAISEREG,BANDAVAIL10,95,1674,14000.0,0.0
1675,ER03,ENERGY,BANDAVAIL10,50,1675,13784.4,0.0
1676,ER03,LOWER5MIN,BANDAVAIL10,41,1676,14000.0,0.0
1677,ER03,LOWER60SEC,BANDAVAIL10,75,1677,14000.0,0.0
1678,ER03,LOWER6SEC,BANDAVAIL10,48,1678,14000.0,0.0
1679,ER03,LOWERREG,BANDAVAIL10,96,1679,14000.0,0.0
1680,ER03,RAISE5MIN,BANDAVAIL10,33,1680,14000.0,0.0
1681,ER03,RAISE60SEC,BANDAVAIL10,72,1681,14000.0,0.0
1682,ER03,RAISE6SEC,BANDAVAIL10,39,1682,14000.0,0.0
1683,ER03,RAISEREG,BANDAVAIL10,95,1683,14000.0,0.0
1684,ER04,ENERGY,BANDAVAIL10,50,1684,13784.4,0.0
1685,ER04,LOWER5MIN,BANDAVAIL10,41,1685,14000.0,0.0
1686,ER04,LOWER60SEC,BANDAVAIL10,75,1686,14000.0,0.0
1687,ER04,LOWER6SEC,BANDAVAIL10,48,1687,14000.0,0.0
1688,ER04,LOWERREG,BANDAVAIL10,96,1688,14000.0,0.0
1689,ER04,RAISE5MIN,BANDAVAIL10,33,1689,14000.0,0.0
1690,ER04,RAISE60SEC,BANDAVAIL10,72,1690,14000.0,0.0
1691,ER04,RAISE6SEC,BANDAVAIL10,39,1691,14000.0,0.0
1692,ER04,RAISEREG,BANDAVAIL10,95,1692,14000.0,0.0
1693,GORDON,ENERGY,BANDAVAIL10,76,1693,11721.99,0.0
1694,GORDON,LOWER60SEC,BANDAVAIL10,103,1694,13800.0,0.0
1695,GORDON,LOWER6SEC,BANDAVAIL10,51,1695,13800.0,0.0
1696,GORDON,LOWERREG,BANDAVAIL10,10,1696,13800.0,0.0
1697,GORDON,RAISE5MIN,BANDAVAIL10,78,1697,13800.0,0.0
1698,GORDON,RAISE60SEC,BANDAVAIL10,132,1698,13800.0,0.0
1699,GORDON,RAISE6SEC,BANDAVAIL10,47,1699,13800.0,0.0
1700,GORDON,RAISEREG,BANDAVAIL10,78,1700,13800.0,0.0
1701,GSTONE3,ENERGY,BANDAVAIL10,25,1701,13444.2,0.0
1702,GSTONE3,LOWER60SEC,BANDAVAIL10,1,1702,14000.0,0.0
1703,GSTONE3,LOWERREG,BANDAVAIL10,51,1703,14000.0,0.0
1704,GSTONE3,RAISE60SEC,BANDAVAIL10,10,1704,14000.0,0.0
1705,GSTONE3,RAISE6SEC,BANDAVAIL10,6,1705,14000.0,0.0
1706,GSTONE3,RAISEREG,BANDAVAIL10,50,1706,14000.0,0.0
1707,GSTONE4,ENERGY,BANDAVAIL10,25,1707,13444.2,0.0
1708,GSTONE4,LOWER60SEC,BANDAVAIL10,1,1708,14000.0,0.0
1709,GSTONE4,LOWERREG,BANDAVAIL10,51,1709,14000.0,0.0
1710,GSTONE4,RAISE60SEC,BANDAVAIL10,10,1710,14000.0,0.0
1711,GSTONE4,RAISE6SEC,BANDAVAIL10,6,1711,14000.0,0.0
1712,GSTONE4,RAISEREG,BANDAVAIL10,50,1712,14000.0,0.0
1713,GSTONE5,ENERGY,BANDAVAIL10,25,1713,13526.8,0.0
1714,GSTONE5,LOWER60SEC,BANDAVAIL10,1,1714,14000.0,0.0
1715,GSTONE5,LOWERREG,BANDAVAIL10,51,1715,14000.0,0.0
1716,GSTONE5,RAISE60SEC,BANDAVAIL10,6,1716,14000.0,0.0
1717,GSTONE5,RAISE6SEC,BANDAVAIL10,6,1717,14000.0,0.0
1718,GSTONE5,RAISEREG,BANDAVAIL10,50,1718,14000.0,0.0
1719,GSTONE6,ENERGY,BANDAVAIL10,25,1719,13526.8,0.0
1720,GSTONE6,LOWER60SEC,BANDAVAIL10,1,1720,14000.0,0.0
1721,GSTONE6,LOWERREG,BANDAVAIL10,51,1721,14000.0,0.0
1722,GSTONE6,RAISE60SEC,BANDAVAIL10,6,1722,14000.0,0.0
1723,GSTONE6,RAISE6SEC,BANDAVAIL10,6,1723,14000.0,0.0
1724,GSTONE6,RAISEREG,BANDAVAIL10,50,1724,14000.0,0.0
1725,GUNNING1,ENERGY,BANDAVAIL10,47,1725,100.0,0.0
1726,GUTHEGA,ENERGY,BANDAVAIL10,80,1726,13119.4,0.0
1727,JLA01,ENERGY,BANDAVAIL10,45,1727,12616.03,0.0
1728,JLA02,ENERGY,BANDAVAIL10,45,1728,12616.03,0.0
1729,JLA03,ENERGY,BANDAVAIL10,65,1729,12616.03,0.0
1730,JLA04,ENERGY,BANDAVAIL10,45,1730,12616.03,0.0
1731,JLB01,ENERGY,BANDAVAIL10,60,1731,12616.03,0.0
1732,JLB02,ENERGY,BANDAVAIL10,60,1732,12616.03,0.0
1733,JLB03,ENERGY,BANDAVAIL10,60,1733,12616.03,0.0
1734,LADBROK1,ENERGY,BANDAVAIL10,50,1734,12420.8,0.0
1735,LADBROK2,ENERGY,BANDAVAIL10,50,1735,12420.8,0.0
1736,LD01,ENERGY,BANDAVAIL10,130,1736,13430.17,0.0
1737,LD01,LOWER60SEC,BANDAVAIL10,78,1737,13800.0,0.0
1738,LD01,LOWER6SEC,BANDAVAIL10,78,1738,13800.0,0.0
1739,LD01,LOWERREG,BANDAVAIL10,19,1739,13800.0,0.0
1740,LD01,RAISE60SEC,BANDAVAIL10,3,1740,13800.0,0.0
1741,LD01,RAISE6SEC,BANDAVAIL10,3,1741,13800.0,0.0
1742,LD01,RAISEREG,BANDAVAIL10,19,1742,13800.0,0.0
1743,LD02,ENERGY,BANDAVAIL10,130,1743,13430.17,0.0
1744,LD02,LOWER60SEC,BANDAVAIL10,78,1744,13800.0,0.0
1745,LD02,LOWER6SEC,BANDAVAIL10,78,1745,13800.0,0.0
1746,LD02,LOWERREG,BANDAVAIL10,19,1746,13800.0,0.0
1747,LD02,RAISE60SEC,BANDAVAIL10,3,1747,13800.0,0.0
1748,LD02,RAISE6SEC,BANDAVAIL10,3,1748,13800.0,0.0
1749,LD02,RAISEREG,BANDAVAIL10,19,1749,13800.0,0.0
1750,LD03,ENERGY,BANDAVAIL10,270,1750,13430.17,0.0
1751,LD03,LOWER60SEC,BANDAVAIL10,78,1751,13800.0,0.0
1752,LD03,LOWER6SEC,BANDAVAIL10,78,1752,13800.0,0.0
1753,LD03,LOWERREG,BANDAVAIL10,19,1753,13800.0,0.0
1754,LD03,RAISE60SEC,BANDAVAIL10,3,1754,13800.0,0.0
1755,LD03,RAISE6SEC,BANDAVAIL10,3,1755,13800.0,0.0
1756,LD03,RAISEREG,BANDAVAIL10,19,1756,13800.0,0.0
1757,LD04,ENERGY,BANDAVAIL10,270,1757,13430.17,0.0
1758,LD04,LOWER60SEC,BANDAVAIL10,78,1758,13800.0,0.0
1759,LD04,LOWER6SEC,BANDAVAIL10,78,1759,13800.0,0.0
1760,LD04,LOWERREG,BANDAVAIL10,19,1760,13800.0,0.0
1761,LD04,RAISE60SEC,BANDAVAIL10,3,1761,13800.0,0.0
1762,LD04,RAISE6SEC,BANDAVAIL10,3,1762,13800.0,0.0
1763,LD04,RAISEREG,BANDAVAIL10,19,1763,13800.0,0.0
1764,LEM_WIL,LOWERREG,BANDAVAIL10,59,1764,13800.0,0.0
1765,LEM_WIL,RAISE6SEC,BANDAVAIL10,1,1765,13800.0,0.0
1766,LEM_WIL,RAISEREG,BANDAVAIL10,63,1766,13800.0,0.0
1767,LI_WY_CA,ENERGY,BANDAVAIL10,108,1767,12148.3,0.0
1768,LI_WY_CA,RAISE5MIN,BANDAVAIL10,131,1768,13800.0,0.0
1769,LI_WY_CA,RAISE60SEC,BANDAVAIL10,91,1769,13800.0,0.0
1770,LI_WY_CA,RAISE6SEC,BANDAVAIL10,17,1770,13800.0,0.0
1771,LNGS1,ENERGY,BANDAVAIL10,172,1771,14014.0,0.0
1772,LNGS2,ENERGY,BANDAVAIL10,172,1772,14014.0,0.0
1773,LOYYB1,ENERGY,BANDAVAIL10,45,1773,13612.2,0.0
1774,LOYYB2,ENERGY,BANDAVAIL10,45,1774,13612.2,0.0
1775,LYA2,ENERGY,BANDAVAIL10,5,1775,13611.42,0.0
1776,LYA2,LOWERREG,BANDAVAIL10,20,1776,13800.0,0.0
1777,LYA2,RAISE60SEC,BANDAVAIL10,10,1777,13800.0,0.0
1778,LYA2,RAISEREG,BANDAVAIL10,30,1778,13800.0,0.0
1779,LYA3,ENERGY,BANDAVAIL10,30,1779,13611.42,0.0
1780,LYA3,LOWER5MIN,BANDAVAIL10,20,1780,13800.0,0.0
1781,LYA3,LOWERREG,BANDAVAIL10,20,1781,13800.0,0.0
1782,LYA3,RAISEREG,BANDAVAIL10,30,1782,13800.0,0.0
1783,LYA4,ENERGY,BANDAVAIL10,20,1783,13611.42,0.0
1784,LYA4,LOWER5MIN,BANDAVAIL10,20,1784,13800.0,0.0
1785,LYA4,LOWERREG,BANDAVAIL10,20,1785,13800.0,0.0
1786,LYA4,RAISEREG,BANDAVAIL10,30,1786,13800.0,0.0
1787,MACKAYGT,ENERGY,BANDAVAIL10,34,1787,13631.8,0.0
1788,MACKAYGT,RAISE5MIN,BANDAVAIL10,21,1788,13800.0,0.0
1789,MACKNTSH,ENERGY,BANDAVAIL10,4,1789,11347.75,0.0
1790,MCKAY1,ENERGY,BANDAVAIL10,20,1790,13263.78,0.0
1791,MCKAY1,LOWER60SEC,BANDAVAIL10,53,1791,14000.0,0.0
1792,MCKAY1,LOWERREG,BANDAVAIL10,280,1792,14000.0,0.0
1793,MCKAY1,RAISE60SEC,BANDAVAIL10,59,1793,14000.0,0.0
1794,MCKAY1,RAISE6SEC,BANDAVAIL10,6,1794,14000.0,0.0
1795,MCKAY1,RAISEREG,BANDAVAIL10,280,1795,14000.0,0.0
1796,MEADOWBK,LOWER60SEC,BANDAVAIL10,3,1796,13800.0,0.0
1797,MEADOWBK,LOWER6SEC,BANDAVAIL10,2,1797,13800.0,0.0
1798,MEADOWBK,RAISE60SEC,BANDAVAIL10,2,1798,13800.0,0.0
1799,MEADOWBK,RAISE6SEC,BANDAVAIL10,9,1799,13800.0,0.0
1800,MERCER01,ENERGY,BANDAVAIL10,131,1800,13000.0,0.0
1801,MINTARO,ENERGY,BANDAVAIL10,105,1801,13844.6,0.0
1802,MURRAY,ENERGY,BANDAVAIL10,1575,1802,13420.25,0.0
1803,MPP_1,ENERGY,BANDAVAIL10,50,1803,13498.8,0.0
1804,POAT110,ENERGY,BANDAVAIL10,16,1804,11901.25,0.0
1805,POAT110,LOWER60SEC,BANDAVAIL10,36,1805,13800.0,0.0
1806,POAT110,LOWER6SEC,BANDAVAIL10,4,1806,13800.0,0.0
1807,POAT110,LOWERREG,BANDAVAIL10,38,1807,13800.0,0.0
1808,POAT110,RAISE60SEC,BANDAVAIL10,45,1808,13800.0,0.0
1809,POAT110,RAISEREG,BANDAVAIL10,44,1809,13800.0,0.0
1810,POAT220,ENERGY,BANDAVAIL10,77,1810,12028.47,0.0
1811,POAT220,LOWER5MIN,BANDAVAIL10,40,1811,13800.0,0.0
1812,POAT220,LOWER60SEC,BANDAVAIL10,70,1812,13800.0,0.0
1813,POAT220,LOWER6SEC,BANDAVAIL10,6,1813,13800.0,0.0
1814,POAT220,LOWERREG,BANDAVAIL10,77,1814,13800.0,0.0
1815,POAT220,RAISE5MIN,BANDAVAIL10,40,1815,13800.0,0.0
1816,POAT220,RAISE60SEC,BANDAVAIL10,83,1816,13800.0,0.0
1817,POAT220,RAISEREG,BANDAVAIL10,87,1817,13800.0,0.0
1818,POR01,ENERGY,BANDAVAIL10,55,1818,14015.4,0.0
1819,POR03,ENERGY,BANDAVAIL10,23,1819,14089.6,0.0
1820,PTSTAN1,ENERGY,BANDAVAIL10,65,1820,14127.68,0.0
1821,QPS1,ENERGY,BANDAVAIL10,25,1821,13809.6,0.0
1822,QPS2,ENERGY,BANDAVAIL10,25,1822,13809.6,0.0
1823,QPS3,ENERGY,BANDAVAIL10,25,1823,13809.6,0.0
1824,QPS4,ENERGY,BANDAVAIL10,25,1824,13809.6,0.0
1825,QPS5,ENERGY,BANDAVAIL10,128,1825,13809.6,0.0
1826,REECE2,RAISE6SEC,BANDAVAIL10,11,1826,13800.0,0.0
1827,SHGEN,ENERGY,BANDAVAIL10,240,1827,13865.6,0.0
1828,SNUG1,ENERGY,BANDAVAIL10,6,1828,11783.8,0.0
1829,STAN-1,ENERGY,BANDAVAIL10,115,1829,13385.4,0.0
1830,STAN-1,LOWERREG,BANDAVAIL10,14,1830,14000.0,0.0
1831,STAN-1,RAISE60SEC,BANDAVAIL10,60,1831,14000.0,0.0
1832,STAN-1,RAISE6SEC,BANDAVAIL10,60,1832,14000.0,0.0
1833,STAN-1,RAISEREG,BANDAVAIL10,16,1833,14000.0,0.0
1834,STAN-2,ENERGY,BANDAVAIL10,115,1834,13385.4,0.0
1835,STAN-3,ENERGY,BANDAVAIL10,205,1835,13385.4,0.0
1836,STAN-4,ENERGY,BANDAVAIL10,115,1836,13385.4,0.0
1837,STAN-4,LOWERREG,BANDAVAIL10,14,1837,14000.0,0.0
1838,STAN-4,RAISE60SEC,BANDAVAIL10,60,1838,14000.0,0.0
1839,STAN-4,RAISE6SEC,BANDAVAIL10,60,1839,14000.0,0.0
1840,STAN-4,RAISEREG,BANDAVAIL10,16,1840,14000.0,0.0
1841,TALWA1,ENERGY,BANDAVAIL10,20,1841,13399.99,0.0
1842,TARONG#1,ENERGY,BANDAVAIL10,195,1842,13560.4,0.0
1843,TARONG#2,ENERGY,BANDAVAIL10,135,1843,13560.4,0.0
1844,TARONG#2,LOWERREG,BANDAVAIL10,9,1844,14000.0,0.0
1845,TARONG#2,RAISE5MIN,BANDAVAIL10,5,1845,14000.0,0.0
1846,TARONG#2,RAISE60SEC,BANDAVAIL10,25,1846,14000.0,0.0
1847,TARONG#2,RAISE6SEC,BANDAVAIL10,10,1847,14000.0,0.0
1848,TARONG#2,RAISEREG,BANDAVAIL10,4,1848,14000.0,0.0
1849,TARONG#3,ENERGY,BANDAVAIL10,135,1849,13560.4,0.0
1850,TARONG#3,LOWERREG,BANDAVAIL10,9,1850,14000.0,0.0
1851,TARONG#3,RAISE5MIN,BANDAVAIL10,5,1851,14000.0,0.0
1852,TARONG#3,RAISE60SEC,BANDAVAIL10,25,1852,14000.0,0.0
1853,TARONG#3,RAISE6SEC,BANDAVAIL10,10,1853,14000.0,0.0
1854,TARONG#3,RAISEREG,BANDAVAIL10,4,1854,14000.0,0.0
1855,TARONG#4,ENERGY,BANDAVAIL10,205,1855,13560.4,0.0
1856,TARRALEA,ENERGY,BANDAVAIL10,6,1856,11452.04,0.0
1857,TNPS1,ENERGY,BANDAVAIL10,60,1857,13549.2,0.0
1858,TORRB2,ENERGY,BANDAVAIL10,10,1858,14019.6,0.0
1859,TORRB2,LOWER60SEC,BANDAVAIL10,30,1859,13799.99,0.0
1860,TORRB2,LOWER6SEC,BANDAVAIL10,5,1860,13799.99,0.0
1861,TORRB2,LOWERREG,BANDAVAIL10,10,1861,13799.99,0.0
1862,TORRB2,RAISE5MIN,BANDAVAIL10,30,1862,13799.99,0.0
1863,TORRB2,RAISE60SEC,BANDAVAIL10,20,1863,13799.99,0.0
1864,TORRB2,RAISE6SEC,BANDAVAIL10,5,1864,13799.99,0.0
1865,TORRB2,RAISEREG,BANDAVAIL10,25,1865,14000.0,0.0
1866,TORRB3,ENERGY,BANDAVAIL10,10,1866,14019.6,0.0
1867,TORRB3,LOWER60SEC,BANDAVAIL10,30,1867,13799.99,0.0
1868,TORRB3,LOWER6SEC,BANDAVAIL10,5,1868,13799.99,0.0
1869,TORRB3,LOWERREG,BANDAVAIL10,10,1869,13799.99,0.0
1870,TORRB3,RAISE5MIN,BANDAVAIL10,30,1870,13799.99,0.0
1871,TORRB3,RAISE60SEC,BANDAVAIL10,20,1871,13799.99,0.0
1872,TORRB3,RAISE6SEC,BANDAVAIL10,5,1872,13799.99,0.0
1873,TORRB3,RAISEREG,BANDAVAIL10,25,1873,14000.0,0.0
1874,TORRB4,ENERGY,BANDAVAIL10,10,1874,14019.6,0.0
1875,TORRB4,LOWER60SEC,BANDAVAIL10,18,1875,13799.99,0.0
1876,TORRB4,LOWER6SEC,BANDAVAIL10,10,1876,13799.99,0.0
1877,TORRB4,LOWERREG,BANDAVAIL10,10,1877,13799.99,0.0
1878,TORRB4,RAISE5MIN,BANDAVAIL10,30,1878,13799.99,0.0
1879,TORRB4,RAISE60SEC,BANDAVAIL10,8,1879,13799.99,0.0
1880,TORRB4,RAISEREG,BANDAVAIL10,25,1880,14000.0,0.0
1881,TREVALLN,ENERGY,BANDAVAIL10,26,1881,12025.96,0.0
1882,TREVALLN,LOWER5MIN,BANDAVAIL10,1,1882,13800.0,0.0
1883,TREVALLN,LOWER60SEC,BANDAVAIL10,14,1883,13800.0,0.0
1884,TREVALLN,LOWER6SEC,BANDAVAIL10,6,1884,13800.0,0.0
1885,TREVALLN,LOWERREG,BANDAVAIL10,1,1885,13800.0,0.0
1886,TREVALLN,RAISE5MIN,BANDAVAIL10,44,1886,13800.0,0.0
1887,TREVALLN,RAISE60SEC,BANDAVAIL10,12,1887,13800.0,0.0
1888,TREVALLN,RAISE6SEC,BANDAVAIL10,6,1888,13800.0,0.0
1889,TREVALLN,RAISEREG,BANDAVAIL10,44,1889,13800.0,0.0
1890,TRIBUTE,ENERGY,BANDAVAIL10,4,1890,11432.57,0.0
1891,TUMUT3,ENERGY,BANDAVAIL10,1800,1891,13854.81,0.0
1892,TUMUT3,LOWERREG,BANDAVAIL10,500,1892,14000.0,0.0
1893,TUMUT3,RAISE5MIN,BANDAVAIL10,500,1893,14000.0,0.0
1894,TUMUT3,RAISEREG,BANDAVAIL10,500,1894,14000.0,0.0
1895,TVCC201,LOWER60SEC,BANDAVAIL10,90,1895,13800.0,0.0
1896,UPPTUMUT,ENERGY,BANDAVAIL10,665,1896,13918.21,0.0
1897,UPPTUMUT,LOWER5MIN,BANDAVAIL10,250,1897,14000.0,0.0
1898,UPPTUMUT,LOWERREG,BANDAVAIL10,250,1898,14000.0,0.0
1899,UPPTUMUT,RAISE5MIN,BANDAVAIL10,250,1899,14000.0,0.0
1900,UPPTUMUT,RAISEREG,BANDAVAIL10,250,1900,14000.0,0.0
1901,VP5,ENERGY,BANDAVAIL10,20,1901,13597.14,0.0
1902,VP5,LOWER60SEC,BANDAVAIL10,50,1902,13800.0,0.0
1903,VP5,LOWER6SEC,BANDAVAIL10,10,1903,13800.0,0.0
1904,VP5,LOWERREG,BANDAVAIL10,5,1904,13800.0,0.0
1905,VP5,RAISEREG,BANDAVAIL10,10,1905,13800.0,0.0
1906,VP6,ENERGY,BANDAVAIL10,20,1906,13597.14,0.0
1907,VP6,LOWER60SEC,BANDAVAIL10,50,1907,13800.0,0.0
1908,VP6,LOWER6SEC,BANDAVAIL10,10,1908,13800.0,0.0
1909,VP6,LOWERREG,BANDAVAIL10,5,1909,13800.0,0.0
1910,VP6,RAISEREG,BANDAVAIL10,10,1910,13800.0,0.0
1911,VPGS1,ENERGY,BANDAVAIL10,60,1911,13612.2,0.0
1912,VPGS2,ENERGY,BANDAVAIL10,60,1912,13612.2,0.0
1913,VPGS3,ENERGY,BANDAVAIL10,60,1913,13612.2,0.0
1914,VPGS4,ENERGY,BANDAVAIL10,60,1914,13612.2,0.0
1915,VPGS5,ENERGY,BANDAVAIL10,60,1915,13612.2,0.0
1916,VPGS6,ENERGY,BANDAVAIL10,60,1916,13612.2,0.0
1917,W/HOE#1,ENERGY,BANDAVAIL10,312,1917,13862.8,0.0
1918,W/HOE#1,RAISE5MIN,BANDAVAIL10,55,1918,14000.0,0.0
1919,W/HOE#2,ENERGY,BANDAVAIL10,312,1919,13862.8,0.0
1920,WKIEWA1,ENERGY,BANDAVAIL10,6,1920,13935.99,0.0
1921,WKIEWA1,LOWER60SEC,BANDAVAIL10,16,1921,14000.0,0.0
1922,WKIEWA1,LOWER6SEC,BANDAVAIL10,7,1922,14000.0,0.0
1923,WKIEWA1,RAISE60SEC,BANDAVAIL10,16,1923,14000.0,0.0
1924,WKIEWA1,RAISE6SEC,BANDAVAIL10,5,1924,14000.0,0.0
1925,WKIEWA2,ENERGY,BANDAVAIL10,6,1925,13935.98,0.0
1926,WKIEWA2,LOWER60SEC,BANDAVAIL10,16,1926,14000.0,0.0
1927,WKIEWA2,LOWER6SEC,BANDAVAIL10,7,1927,14000.0,0.0
1928,WKIEWA2,RAISE60SEC,BANDAVAIL10,16,1928,14000.0,0.0
1929,WKIEWA2,RAISE6SEC,BANDAVAIL10,5,1929,14000.0,0.0
1930,YABULU2,ENERGY,BANDAVAIL10,2,1930,13777.76,0.0
1931,YARWUN_1,ENERGY,BANDAVAIL10,15,1931,9667.0,0.0
1932,YWPS2,ENERGY,BANDAVAIL10,15,1932,13100.37,0.0
1933,YWPS2,RAISE5MIN,BANDAVAIL10,5,1933,12400.4,0.0
1934,YWPS2,RAISE60SEC,BANDAVAIL10,5,1934,11999.0,0.0
1935,YWPS2,RAISE6SEC,BANDAVAIL10,5,1935,12299.0,0.0
1936,YWPS3,ENERGY,BANDAVAIL10,9,1936,13100.37,0.0
1937,YWPS3,RAISE60SEC,BANDAVAIL10,10,1937,11999.0,0.0
1938,YWPS3,RAISE6SEC,BANDAVAIL10,10,1938,12299.0,0.0
1939,YWPS4,ENERGY,BANDAVAIL10,9,1939,13100.37,0.0
1940,YWPS4,LOWER5MIN,BANDAVAIL10,5,1940,8999.99,0.0
1941,YWPS4,RAISE60SEC,BANDAVAIL10,10,1941,11999.0,0.0
1942,YWPS4,RAISE6SEC,BANDAVAIL10,10,1942,12299.0,0.0
1943,YWPS4,RAISEREG,BANDAVAIL10,5,1943,11900.0,0.0
1944,BARCALDN,ENERGY,BANDAVAIL10,3,1944,8076.0,0.0
1945,MPP_2,ENERGY,BANDAVAIL10,50,1945,13498.8,0.0
1946,URANQ14,ENERGY,BANDAVAIL10,166,1946,13007.4,0.0
1947,BLNKTAS,ENERGY,BANDAVAIL1,0,2814,-968.4,0.0
1948,BLNKVIC,ENERGY,BANDAVAIL1,0,2815,-1000.0,0.0
1949,BLNKTAS,ENERGY,BANDAVAIL2,0,2816,-299.99,0.0
1950,BLNKVIC,ENERGY,BANDAVAIL2,0,2817,-300.0,0.0
1951,BLNKTAS,ENERGY,BANDAVAIL3,0,2818,-49.99,0.0
1952,BLNKVIC,ENERGY,BANDAVAIL3,0,2819,-50.0,0.0
1953,BLNKTAS,ENERGY,BANDAVAIL4,594,2820,0.01,50.274073
1954,BLNKVIC,ENERGY,BANDAVAIL4,478,2821,0.0,0.0
1955,BLNKTAS,ENERGY,BANDAVAIL5,0,2822,50.01,0.0
1956,BLNKVIC,ENERGY,BANDAVAIL5,0,2823,50.0,0.0
1957,BLNKTAS,ENERGY,BANDAVAIL6,0,2824,100.01,0.0
1958,BLNKVIC,ENERGY,BANDAVAIL6,0,2825,100.0,0.0
1959,BLNKTAS,ENERGY,BANDAVAIL7,0,2826,300.01,0.0
1960,BLNKVIC,ENERGY,BANDAVAIL7,0,2827,300.0,0.0
1961,BLNKTAS,ENERGY,BANDAVAIL8,0,2828,1000.01,0.0
1962,BLNKVIC,ENERGY,BANDAVAIL8,0,2829,1000.0,0.0
1963,BLNKTAS,ENERGY,BANDAVAIL9,0,2830,5000.01,0.0
1964,BLNKVIC,ENERGY,BANDAVAIL9,0,2831,5000.0,0.0
1965,BLNKTAS,ENERGY,BANDAVAIL10,0,2832,13500.0,0.0
1966,BLNKVIC,ENERGY,BANDAVAIL10,0,2833,13500.0,0.0
